encounter_id,patient_nbr,race,gender,age,weight,admission_type_id,discharge_disposition_id,admission_source_id,time_in_hospital,payer_code,medical_specialty,num_lab_procedures,num_procedures,num_medications,number_outpatient,number_emergency,number_inpatient,diag_1,diag_2,diag_3,number_diagnoses,max_glu_serum,A1Cresult,metformin,repaglinide,nateglinide,chlorpropamide,glimepiride,acetohexamide,glipizide,glyburide,tolbutamide,pioglitazone,rosiglitazone,acarbose,miglitol,troglitazone,tolazamide,examide,citoglipton,insulin,glyburide-metformin,glipizide-metformin,glimepiride-pioglitazone,metformin-rosiglitazone,metformin-pioglitazone,change,diabetesMed,readmitted,admission_date,discharge_date
2278392,8222157,Caucasian,Female,[0-10),?,6,25,1,1,?,Pediatrics-Endocrinology,41,0,1,0,0,0,250.83,?,?,1,None,None,No,No,No,No,No,No,No,No,No,No,No,No,No,No,No,No,No,No,No,No,No,No,No,No,No,NO,1999-01-06,1999-01-07
4679262,1431603,Caucasian,Female,[70-80),?,6,25,1,6,?,Cardiology,49,3,20,0,0,0,410,496,272,7,None,None,No,No,No,No,No,No,No,No,No,No,No,No,No,No,No,No,No,No,No,No,No,No,No,No,No,NO,1999-01-21,1999-01-27
5116878,105345450,Caucasian,Male,[60-70),?,2,1,2,2,?,?,19,0,10,0,0,0,998,998,427,9,None,None,No,No,No,No,No,No,No,No,No,No,No,No,No,No,No,No,No,Steady,No,No,No,No,No,No,Yes,NO,1999-01-23,1999-01-25
6735816,1532520,AfricanAmerican,Female,[50-60),?,6,25,1,3,?,Psychiatry,17,0,7,0,0,0,296,305,300,7,None,None,No,No,No,No,No,No,No,No,No,No,No,No,No,No,No,No,No,Steady,No,No,No,No,No,No,Yes,>30,1999-01-30,1999-02-02
7609632,4768929,?,Male,[70-80),?,2,1,1,6,?,Cardiology,70,3,16,0,0,0,514,428,425,8,None,>8,No,No,No,No,No,No,No,No,No,No,No,No,No,No,No,No,No,Up,No,No,No,No,No,Ch,Yes,NO,1999-02-05,1999-02-11
8753532,10648701,Caucasian,Male,[70-80),[75-100),6,3,17,6,?,Cardiology,62,1,13,0,0,0,428,424,496,7,None,None,No,No,No,No,No,No,Steady,No,No,No,No,No,No,No,No,No,No,No,No,No,No,No,No,No,Yes,NO,1999-02-14,1999-02-20
9582996,5336874,Caucasian,Male,[80-90),?,1,1,7,5,?,InternalMedicine,49,2,16,0,0,2,532,280,403,9,None,None,No,No,No,No,No,No,No,Steady,No,No,No,No,No,No,No,No,No,No,No,No,No,No,No,No,Yes,NO,1999-02-20,1999-02-25
9807126,341316,Caucasian,Male,[60-70),?,1,1,7,6,?,Cardiology,42,6,17,0,0,0,410,496,250,4,None,None,No,No,No,No,No,No,No,No,No,No,Steady,No,No,No,No,No,No,Steady,No,No,No,No,No,Ch,Yes,NO,1999-02-22,1999-02-28
10666374,4272444,Caucasian,Male,[0-10),?,2,1,4,3,?,Pediatrics-CriticalCare,63,0,9,0,0,0,250.13,?,?,1,None,>8,No,No,No,No,No,No,No,No,No,No,No,No,No,No,No,No,No,Steady,No,No,No,No,No,No,Yes,NO,1999-02-27,1999-03-02
11493444,4941828,Caucasian,Male,[70-80),?,1,5,7,5,?,InternalMedicine,59,1,11,0,0,0,682,599,250.82,9,None,>7,No,No,No,No,No,No,No,No,No,No,No,No,No,No,No,No,No,No,No,No,No,No,No,No,No,>30,1999-03-06,1999-03-11
12111816,1792377,AfricanAmerican,Female,[70-80),?,1,3,7,2,?,InternalMedicine,67,0,3,0,0,0,250.03,295,401,7,None,None,No,No,No,No,No,No,No,No,No,No,No,No,No,No,No,No,No,Steady,No,No,No,No,No,No,Yes,<30,1999-03-11,1999-03-13
12448770,91798209,Caucasian,Female,[70-80),?,6,1,17,2,?,Cardiology,35,5,17,0,0,0,428,414,416,8,None,None,No,No,No,No,No,No,No,Steady,No,No,Steady,No,No,No,No,No,No,No,No,No,No,No,No,Ch,Yes,NO,1999-03-13,1999-03-15
13070730,78700257,Caucasian,Female,[60-70),?,6,6,17,3,?,InternalMedicine,67,0,7,0,0,0,781,435,276,9,None,None,No,No,No,No,No,No,Steady,No,No,No,No,No,No,No,No,No,No,No,No,No,No,No,No,No,Yes,>30,1999-03-19,1999-03-22
14165220,3434535,Caucasian,Male,[80-90),?,2,1,1,1,?,Urology,33,1,8,0,0,0,188,250,414,4,None,None,No,No,No,No,No,No,No,No,No,No,No,No,No,No,No,No,No,No,No,No,No,No,No,No,No,NO,1999-03-25,1999-03-26
16002372,727740,AfricanAmerican,Female,[30-40),?,3,1,1,3,?,InternalMedicine,44,1,9,0,0,1,730,250.7,41,6,None,None,No,No,No,No,No,No,No,No,No,No,No,No,No,No,No,No,No,Steady,No,No,No,No,No,No,Yes,>30,1999-04-03,1999-04-06
16090080,455436,Caucasian,Male,[60-70),?,2,1,1,3,?,Cardiology,49,5,14,0,0,0,414,401,414,7,None,None,No,No,No,No,No,No,Steady,No,No,No,No,No,No,No,No,No,No,Steady,No,No,No,No,No,Ch,Yes,>30,1999-04-03,1999-04-06
16482324,1953810,Caucasian,Female,[30-40),?,3,1,20,7,?,?,33,0,9,0,0,0,296,250,715,5,None,>8,No,No,No,No,No,No,No,No,No,No,No,No,No,No,No,No,No,No,No,No,No,No,No,No,No,>30,1999-04-07,1999-04-14
18799578,4118769,Caucasian,Male,[80-90),?,1,6,7,6,?,Family/GeneralPractice,64,3,19,1,0,2,578,276,511,9,None,None,No,No,No,No,No,No,No,No,No,No,No,No,No,No,No,No,No,Steady,No,No,No,No,No,No,Yes,NO,1999-04-24,1999-04-30
19084098,3147309,Caucasian,Female,[70-80),?,1,1,7,2,?,Family/GeneralPractice,49,0,5,0,0,0,786,V12,250,4,None,None,No,No,No,No,No,No,No,Steady,No,No,No,No,No,No,No,No,No,No,No,No,No,No,No,No,Yes,NO,1999-04-27,1999-04-29
19091748,4042062,AfricanAmerican,Female,[70-80),?,2,5,1,3,?,Orthopedics-Reconstructive,49,3,14,0,0,0,715,285,401,5,None,>7,No,No,No,No,No,No,Steady,No,No,No,No,No,No,No,No,No,No,No,No,No,No,No,No,No,Yes,NO,1999-04-27,1999-04-30
19345596,74871117,Caucasian,Male,[50-60),?,6,1,17,1,?,Cardiology,55,5,17,0,0,0,786,414,401,6,None,None,No,No,No,No,No,No,Steady,No,No,No,No,No,No,No,No,No,No,No,No,No,No,No,No,No,Yes,>30,1999-04-29,1999-04-30
21905916,133569,AfricanAmerican,Female,[30-40),?,1,1,7,6,?,?,66,0,11,0,0,0,486,511,453,5,None,None,No,No,No,No,No,No,No,No,No,No,No,No,No,No,No,No,No,Down,No,No,No,No,No,Ch,Yes,<30,1999-05-22,1999-05-28
23437020,2923146,Caucasian,Male,[70-80),?,2,5,1,14,?,Endocrinology,69,5,21,0,0,2,428,250.6,250.41,9,None,>8,No,No,No,No,No,No,No,No,No,No,No,No,No,No,No,No,No,Steady,No,No,No,No,No,No,Yes,>30,1999-06-10,1999-06-24
23773854,15826653,AfricanAmerican,Male,[50-60),?,1,1,7,1,?,InternalMedicine,40,0,3,0,0,0,435,250,305,5,None,None,No,No,No,No,No,No,No,No,No,No,No,No,No,No,No,No,No,No,No,No,No,No,No,No,No,NO,1999-06-15,1999-06-16
24142008,3490632,AfricanAmerican,Male,[40-50),?,2,6,4,9,?,?,39,3,23,0,0,0,424,428,425,9,None,None,No,No,No,No,No,No,No,No,No,No,No,No,No,No,No,No,No,Steady,No,No,No,No,No,No,Yes,NO,1999-06-19,1999-06-28
25182054,2681865,AfricanAmerican,Female,[40-50),?,1,1,7,2,?,Otolaryngology,31,0,10,0,0,0,527,250,401,3,None,None,No,No,No,No,No,No,Steady,No,No,No,No,No,No,No,No,No,No,No,No,No,No,No,No,No,Yes,NO,1999-07-03,1999-07-05
25726860,62446698,?,Male,[50-60),[100-125),6,1,1,3,?,Cardiology,63,4,17,0,0,0,414,250,272,4,None,None,No,No,No,No,No,No,No,No,No,No,No,No,No,No,No,No,No,Steady,No,No,No,No,No,No,Yes,>30,1999-07-12,1999-07-15
26013480,18137880,Caucasian,Male,[80-90),?,3,1,1,7,?,?,42,2,27,0,0,0,162,250,?,2,None,None,Steady,No,No,No,No,No,No,No,No,No,Steady,No,No,No,No,No,No,No,No,No,No,No,No,Ch,Yes,NO,1999-07-15,1999-07-22
26293314,12581748,Caucasian,Female,[70-80),?,1,1,7,2,?,?,25,0,5,0,0,0,413,428,250,6,None,None,No,No,No,No,No,No,No,No,No,No,No,No,No,No,No,No,No,No,No,No,No,No,No,No,No,NO,1999-07-19,1999-07-21
27422436,1401552,Caucasian,Male,[80-90),?,6,6,17,5,?,Orthopedics-Reconstructive,59,2,24,0,0,0,733,285,250,4,None,None,Steady,No,No,No,No,No,No,No,No,No,No,No,No,No,No,No,No,No,No,No,No,No,No,No,Yes,>30,1999-08-07,1999-08-12
27639714,19767969,AfricanAmerican,Female,[60-70),?,2,1,1,1,?,?,39,3,19,0,0,0,414,496,401,6,None,None,Steady,No,No,No,Steady,No,No,No,No,No,No,No,No,No,No,No,No,No,No,No,No,No,No,Ch,Yes,NO,1999-08-10,1999-08-11
28999434,24036525,Caucasian,Female,[50-60),?,5,2,17,3,?,Family/GeneralPractice,18,1,19,0,0,0,599,276,780,8,>300,None,No,No,No,No,No,No,No,No,No,No,No,No,No,No,No,No,No,Down,No,No,No,No,No,Ch,Yes,>30,1999-08-29,1999-09-01
29484972,23420061,Caucasian,Male,[90-100),?,5,6,17,4,?,Family/GeneralPractice,25,0,14,1,0,0,486,491,276,7,>300,None,No,No,No,No,No,No,No,No,No,No,No,No,No,No,No,No,No,Steady,No,No,No,No,No,No,Yes,>30,1999-09-06,1999-09-10
29909268,6864345,Caucasian,Female,[40-50),?,1,2,7,2,?,Psychiatry,43,0,10,0,0,0,311,305,412,9,None,None,No,No,No,No,No,No,No,No,No,No,No,No,No,No,No,No,No,No,No,No,No,No,No,No,No,<30,1999-09-12,1999-09-14
31590822,633906,Caucasian,Female,[90-100),?,1,1,7,3,?,Family/GeneralPractice,54,0,14,0,0,8,786,496,403,9,None,None,No,No,No,No,No,No,No,No,No,No,No,No,No,No,No,No,No,Up,No,No,No,No,No,Ch,Yes,<30,1999-10-04,1999-10-07
31709448,1314126,Caucasian,Female,[60-70),?,3,1,1,6,?,InternalMedicine,53,2,20,1,0,1,196,496,250.01,7,None,None,No,No,No,No,No,No,No,No,No,No,Steady,No,No,No,No,No,No,Steady,No,No,No,No,No,Ch,Yes,<30,1999-10-05,1999-10-11
31818486,8451135,Caucasian,Female,[60-70),?,1,5,7,2,?,Family/GeneralPractice,33,0,5,0,0,1,434,342,401,8,None,None,No,No,No,No,No,No,No,Steady,No,No,No,No,No,No,No,No,No,No,No,No,No,No,No,No,Yes,>30,1999-10-06,1999-10-08
33577506,11653371,Caucasian,Male,[70-80),?,2,1,1,4,?,Family/GeneralPractice,24,0,12,0,0,0,491,414,250,5,None,None,No,No,No,No,No,No,Steady,No,No,No,No,No,No,No,No,No,No,No,No,No,No,No,No,No,Yes,>30,1999-10-29,1999-11-02
34825434,1011681,AfricanAmerican,Male,[80-90),?,1,1,7,8,?,?,47,0,12,0,0,2,519,38,578,9,None,None,No,No,No,No,No,No,No,No,No,No,No,No,No,No,No,No,No,No,No,No,No,No,No,No,No,NO,1999-11-14,1999-11-22
35439684,17969994,Caucasian,Male,[70-80),?,1,1,7,6,?,Family/GeneralPractice,52,2,10,0,0,0,486,511,512,9,None,None,No,No,No,No,No,No,No,No,No,Steady,No,No,No,No,No,No,No,No,No,No,No,No,No,No,Yes,NO,1999-11-23,1999-11-29
37455210,4846680,Caucasian,Female,[80-90),?,2,1,1,6,?,InternalMedicine,58,3,19,0,0,1,427,562,428,8,None,None,No,No,No,No,No,No,Steady,No,No,No,No,No,No,No,No,No,No,Steady,No,No,No,No,No,Ch,Yes,NO,1999-12-16,1999-12-22
37673226,107825229,Other,Male,[50-60),?,1,2,7,1,?,Cardiology,37,0,7,0,1,0,414,411,250,4,None,None,No,No,No,No,No,No,No,No,No,No,No,No,No,No,No,No,No,Steady,No,No,No,No,No,No,Yes,NO,1999-12-19,1999-12-20
37852254,685773,Caucasian,Male,[90-100),?,1,18,7,11,?,Family/GeneralPractice,42,1,7,0,0,0,293,682,707,9,None,None,No,No,No,No,No,No,No,Down,No,No,No,No,No,No,No,No,No,No,No,No,No,No,No,Ch,Yes,NO,1999-12-21,2000-01-01
38735190,18857709,AfricanAmerican,Male,[50-60),?,3,18,3,5,?,Orthopedics,20,2,25,0,0,0,722,401,250,4,None,None,Steady,No,No,No,No,No,No,No,No,No,No,No,No,No,No,No,No,Steady,No,No,No,No,No,Ch,Yes,NO,2000-01-01,2000-01-06
39920502,3448323,Caucasian,Female,[70-80),?,1,18,7,4,?,Family/GeneralPractice,56,0,12,0,0,0,491,250.02,780,9,None,None,No,No,No,No,No,No,No,No,No,No,No,No,No,No,No,No,No,No,No,No,No,No,No,No,No,NO,2000-01-17,2000-01-21
42621186,4576716,AfricanAmerican,Male,[70-80),?,1,18,7,2,?,Pediatrics,43,2,7,0,0,0,780,433,V12,5,None,>8,Up,No,No,No,No,No,No,No,No,No,No,No,No,No,No,No,No,No,No,No,No,No,No,Ch,Yes,>30,2000-02-19,2000-02-21
42802962,19316196,Caucasian,Female,[80-90),?,2,18,1,4,?,Family/GeneralPractice,43,2,7,0,0,0,532,285,396,6,None,None,No,No,No,No,No,No,No,No,No,No,No,No,No,No,No,No,No,No,No,No,No,No,No,No,No,>30,2000-02-21,2000-02-25
43477812,3631617,Caucasian,Male,[70-80),?,3,18,4,6,?,?,34,6,13,0,0,0,414,411,414,6,None,None,No,No,No,No,No,No,No,Steady,No,No,No,No,No,No,No,No,No,No,No,No,No,No,No,No,Yes,NO,2000-03-01,2000-03-07
43611732,68838741,Caucasian,Female,[60-70),?,1,1,7,5,?,?,76,2,19,0,0,3,996,38,403,9,None,None,No,No,No,No,No,No,Steady,No,No,Steady,No,No,No,No,No,No,No,No,No,No,No,No,No,Ch,Yes,<30,2000-03-02,2000-03-07
44360556,4042458,AfricanAmerican,Male,[50-60),?,1,18,7,10,?,?,50,1,13,0,0,2,250.12,403,780,9,None,None,No,No,No,No,No,No,No,No,No,No,No,No,No,No,No,No,No,No,No,No,No,No,No,No,No,<30,2000-03-09,2000-03-19
44380668,825975,AfricanAmerican,Male,[40-50),?,1,1,7,5,?,Cardiology,67,3,19,0,0,0,410,250.42,414,9,None,>7,Steady,No,No,No,No,No,Steady,No,No,No,Steady,No,No,No,No,No,No,Steady,No,No,No,No,No,Ch,Yes,>30,2000-03-10,2000-03-15
44728326,90111573,?,Female,[70-80),?,1,3,7,7,?,InternalMedicine,77,2,24,0,0,0,434,428,780,9,None,None,No,No,No,No,No,No,No,Steady,No,No,No,No,No,No,No,No,No,No,No,No,No,No,No,No,Yes,NO,2000-03-14,2000-03-21
46164726,23375268,Caucasian,Female,[70-80),?,1,1,17,2,?,Family/GeneralPractice,8,1,11,0,0,0,426,599,250,5,None,None,No,No,No,No,No,No,Steady,No,No,Steady,No,No,No,No,No,No,No,No,No,No,No,No,No,Ch,Yes,NO,2000-04-01,2000-04-03
46301976,94887504,AfricanAmerican,Female,[60-70),?,6,1,17,10,?,InternalMedicine,47,0,13,0,0,0,428,425,424,8,None,>8,No,No,No,No,No,No,No,No,No,No,No,No,No,No,No,No,No,No,No,No,No,No,No,No,No,<30,2000-04-04,2000-04-14
47991000,75684726,Caucasian,Female,[70-80),?,3,1,1,1,?,?,41,1,15,0,0,0,414,250.01,238,5,None,None,No,No,No,No,No,No,No,No,No,No,No,No,No,No,No,No,No,Down,No,No,No,No,No,Ch,Yes,>30,2000-04-23,2000-04-24
47997432,16360200,AfricanAmerican,Female,[70-80),?,1,18,7,1,?,Family/GeneralPractice,34,1,3,0,0,0,V55,496,438,8,None,None,No,No,No,No,No,No,No,No,No,No,No,No,No,No,No,No,No,No,No,No,No,No,No,No,No,NO,2000-04-23,2000-04-24
48743070,23481180,Caucasian,Female,[70-80),?,5,6,17,12,?,?,24,2,23,0,0,0,567,276,276,8,>300,None,Steady,No,No,No,No,No,No,Steady,No,No,No,No,No,No,No,No,No,Up,No,No,No,No,No,Ch,Yes,<30,2000-05-03,2000-05-15
49919712,19745406,Caucasian,Male,[60-70),?,1,18,7,8,?,Pediatrics,47,2,17,0,0,0,433,250,414,4,None,None,No,No,No,No,No,No,Steady,No,No,No,No,No,No,No,No,No,No,No,No,No,No,No,No,No,Yes,NO,2000-05-20,2000-05-28
50034072,662976,Caucasian,Male,[60-70),?,1,1,7,3,?,Surgery-General,56,1,14,0,0,0,574,574,272,4,None,None,No,No,No,No,No,No,No,No,No,No,No,No,No,No,No,No,No,No,No,No,No,No,No,No,No,NO,2000-05-22,2000-05-25
50578368,1735812,Caucasian,Female,[20-30),?,3,1,1,2,?,ObstetricsandGynecology,39,2,23,0,0,0,664,647,V25,5,None,None,No,No,No,No,No,No,No,No,No,No,No,No,No,No,No,No,No,Steady,No,No,No,No,No,No,Yes,NO,2000-05-30,2000-06-01
50849394,19774494,Caucasian,Female,[70-80),?,3,18,1,3,?,Orthopedics,22,1,15,0,0,0,715,250,244,5,None,None,No,No,No,No,No,No,No,No,No,No,No,No,No,No,Steady,No,No,No,No,No,No,No,No,No,Yes,NO,2000-06-03,2000-06-06
51171624,18383238,Caucasian,Female,[90-100),?,1,1,7,5,?,InternalMedicine,35,0,15,0,0,1,453,780,276,9,None,None,No,No,No,No,No,No,No,No,No,No,No,No,No,No,No,No,No,No,No,No,No,No,No,No,No,<30,2000-06-07,2000-06-12
51604746,61332030,Caucasian,Male,[70-80),?,1,1,7,5,?,?,65,4,22,0,0,1,410,428,401,8,None,None,No,No,No,No,Down,No,No,No,No,No,No,No,No,No,No,No,No,Steady,No,No,No,No,No,Ch,Yes,>30,2000-06-14,2000-06-19
51934968,1546569,AfricanAmerican,Female,[30-40),?,1,18,7,5,?,?,64,0,3,0,0,1,38,599,41,5,None,None,Steady,No,No,No,No,No,No,No,No,No,No,No,No,No,No,No,No,No,No,No,No,No,No,No,Yes,>30,2000-06-19,2000-06-24
53570718,1236474,Hispanic,Male,[30-40),?,1,1,7,1,?,InternalMedicine,55,1,4,0,0,0,276,780,787,6,None,None,No,No,No,No,No,No,No,No,No,No,No,No,No,No,No,No,No,No,No,No,No,No,No,No,No,NO,2000-07-18,2000-07-19
54150582,4317642,Caucasian,Female,[40-50),?,3,18,1,3,?,Orthopedics,20,1,30,0,0,1,715,296,244,5,None,None,No,No,No,No,No,No,No,No,No,No,No,No,No,No,No,No,No,No,No,No,No,No,No,No,No,NO,2000-07-29,2000-08-01
54185808,9426879,Caucasian,Female,[70-80),?,1,18,7,3,?,?,41,6,13,0,0,0,414,411,250,5,None,None,No,No,No,No,No,No,No,Down,No,No,No,No,No,No,No,No,No,No,No,No,No,No,No,Ch,Yes,NO,2000-07-30,2000-08-02
54392688,2052864,Caucasian,Male,[80-90),?,1,18,7,2,?,?,55,0,10,0,0,1,79,414,V45,9,None,None,No,No,No,No,No,No,No,Steady,No,No,No,No,No,No,No,No,No,No,No,No,No,No,No,No,Yes,NO,2000-08-02,2000-08-04
54469056,22165650,Caucasian,Male,[60-70),[100-125),6,1,17,7,?,?,74,3,32,0,0,0,427,425,491,7,None,None,No,No,No,No,Up,No,No,No,No,No,No,No,No,No,No,No,No,Down,No,No,No,No,No,Ch,Yes,NO,2000-08-03,2000-08-10
54665142,767907,AfricanAmerican,Female,[40-50),?,1,1,7,1,?,InternalMedicine,35,0,16,0,0,1,998,710,787,7,None,None,No,No,No,No,No,No,No,No,No,No,No,No,No,No,No,No,No,Steady,No,No,No,No,No,No,Yes,NO,2000-08-06,2000-08-07
55320588,23505525,Caucasian,Female,[70-80),?,5,6,17,1,?,Family/GeneralPractice,1,1,4,0,1,0,780,427,873,8,None,None,No,No,No,No,No,No,Steady,No,No,No,No,No,No,No,No,No,No,No,No,No,No,No,No,No,Yes,>30,2000-08-17,2000-08-18
55521336,18980136,Caucasian,Female,[80-90),?,1,3,7,6,?,Emergency/Trauma,63,0,16,0,0,0,486,250.01,496,9,None,>8,No,No,No,No,No,No,No,No,No,Steady,No,No,No,No,No,No,No,Steady,No,No,No,No,No,Ch,Yes,NO,2000-08-19,2000-08-25
57191952,9498663,AfricanAmerican,Male,[80-90),?,1,18,7,1,?,?,23,0,5,0,0,0,780,401,427,4,None,None,No,No,No,No,No,No,No,No,No,No,No,No,No,No,No,No,No,No,No,No,No,No,No,No,No,NO,2000-09-17,2000-09-18
58378662,19159767,?,Male,[50-60),?,1,1,7,1,?,Family/GeneralPractice,40,0,4,0,0,0,786,401,250,5,None,>7,No,No,No,No,No,No,No,No,No,No,No,No,No,No,No,No,No,No,No,No,No,No,No,No,No,NO,2000-10-02,2000-10-03
58499796,788652,Caucasian,Male,[60-70),?,1,1,7,9,?,InternalMedicine,72,0,19,0,0,0,491,250.02,428,9,None,None,No,No,No,No,No,No,Steady,No,No,No,No,No,No,No,No,No,No,Steady,No,No,No,No,No,Ch,Yes,NO,2000-10-04,2000-10-13
58511094,98425548,Caucasian,Male,[60-70),?,1,1,7,5,?,?,68,2,21,0,0,0,578,305,285,8,None,None,Steady,No,No,No,Steady,No,No,No,No,No,Steady,No,No,No,No,No,No,Steady,No,No,No,No,No,Ch,Yes,>30,2000-10-04,2000-10-09
58674300,55965420,Caucasian,Male,[50-60),?,3,1,1,8,?,?,71,1,32,0,0,2,715,788,781,6,None,None,No,No,No,No,No,No,Steady,No,No,Steady,No,No,No,No,No,No,No,Steady,No,No,No,No,No,Ch,Yes,>30,2000-10-07,2000-10-15
59390178,20173779,Caucasian,Female,[60-70),?,3,18,3,4,?,?,56,2,8,0,0,0,789,599,593,6,None,>8,No,No,No,No,No,No,No,No,No,No,No,No,No,No,No,No,No,No,No,No,No,No,No,No,No,NO,2000-10-16,2000-10-20
59906550,107337780,Caucasian,Male,[80-90),[75-100),6,1,17,4,?,Cardiology,71,0,8,3,0,0,428,397,414,7,None,None,No,No,No,No,No,No,No,Steady,No,No,No,No,No,No,No,No,No,No,No,No,No,No,No,No,Yes,NO,2000-10-23,2000-10-27
59992650,2981997,Caucasian,Female,[80-90),?,1,18,7,5,?,?,41,0,16,0,0,0,485,492,250,5,None,None,No,No,No,No,No,No,No,No,No,No,No,No,No,No,No,No,No,No,No,No,No,No,No,No,No,>30,2000-10-24,2000-10-29
60284898,129690,AfricanAmerican,Female,[60-70),?,1,18,7,2,?,?,25,1,7,0,0,0,307,250,401,5,None,None,Steady,No,No,No,No,No,No,No,No,No,No,No,No,No,No,No,No,No,No,No,No,No,No,No,Yes,>30,2000-10-30,2000-11-01
61019430,56035980,Caucasian,Male,[80-90),?,1,22,7,11,?,InternalMedicine,61,3,22,0,0,4,427,428,427,9,None,None,No,No,No,No,No,No,No,Steady,No,No,No,No,No,No,No,No,No,Steady,No,No,No,No,No,Ch,Yes,>30,2000-11-10,2000-11-21
61532388,786978,Caucasian,Female,[40-50),?,1,1,7,7,?,InternalMedicine,84,1,15,1,0,3,250.03,276,780,7,None,None,No,No,No,No,No,No,No,No,No,No,No,No,No,No,No,No,No,Down,No,No,No,No,No,Ch,Yes,>30,2000-11-17,2000-11-24
61551750,82026216,Caucasian,Female,[70-80),?,1,3,7,10,?,Family/GeneralPractice,55,0,27,0,0,0,410,427,428,8,None,None,No,No,No,No,No,No,No,No,No,No,No,No,No,No,No,No,No,Steady,No,No,No,No,No,No,Yes,NO,2000-11-17,2000-11-27
62604648,95715648,Caucasian,Male,[60-70),?,1,1,7,1,?,Family/GeneralPractice,54,0,12,0,0,0,414,413,250,5,None,>7,Steady,No,No,No,No,No,No,Steady,No,Steady,No,No,No,No,No,No,No,No,No,No,No,No,No,Ch,Yes,NO,2000-12-03,2000-12-04
62717370,3953799,AfricanAmerican,Female,[80-90),?,1,18,7,3,?,?,43,0,14,0,0,1,786,428,250,9,None,None,Steady,No,No,No,No,No,No,Steady,No,No,No,No,No,No,No,No,No,No,No,No,No,No,No,Ch,Yes,NO,2000-12-05,2000-12-08
63291618,46435437,AfricanAmerican,Female,[40-50),?,1,1,7,1,?,InternalMedicine,53,0,13,0,0,1,530,496,278,9,None,None,Steady,No,No,No,No,No,Steady,No,No,No,No,No,No,No,No,No,No,No,No,No,No,No,No,Ch,Yes,NO,2000-12-14,2000-12-15
64180236,3862251,AfricanAmerican,Female,[50-60),?,1,1,7,1,?,InternalMedicine,47,0,18,0,0,2,386,401,250,9,None,None,No,No,No,No,No,No,No,No,No,Steady,No,No,No,No,No,No,No,Steady,No,No,No,No,No,Ch,Yes,<30,2000-12-26,2000-12-27
64937334,26090370,Caucasian,Male,[40-50),?,5,1,17,2,?,?,24,2,20,0,0,1,571,456,789,9,Norm,None,No,No,No,No,No,No,No,No,No,No,No,No,No,No,No,No,No,No,No,No,No,No,No,No,No,NO,2001-01-06,2001-01-08
65418348,16267221,Caucasian,Male,[60-70),?,2,18,2,1,?,?,28,1,10,0,0,3,403,250.41,250.51,9,None,None,No,No,No,No,No,No,No,No,No,No,No,No,No,No,No,No,No,Steady,No,No,No,No,No,No,Yes,>30,2001-01-12,2001-01-13
66679074,72339849,Caucasian,Female,[80-90),?,3,6,4,2,?,InternalMedicine,2,2,12,0,0,1,428,427,244,5,None,None,No,No,No,No,No,No,No,Steady,No,No,No,No,No,No,No,No,No,Steady,No,No,No,No,No,Ch,Yes,NO,2001-01-29,2001-01-31
67199526,1161675,Caucasian,Male,[50-60),?,1,1,7,3,?,InternalMedicine,58,0,18,0,0,1,682,428,274,9,None,None,No,No,No,No,Steady,No,No,No,No,Steady,No,No,No,No,No,No,No,Steady,No,No,No,No,No,Ch,Yes,NO,2001-02-06,2001-02-09
67535214,2271798,Caucasian,Male,[60-70),?,3,18,1,1,?,?,25,1,26,0,0,0,433,250,272,5,None,None,No,No,No,No,No,No,Steady,No,No,Steady,No,No,No,No,No,No,No,No,No,No,No,No,No,Ch,Yes,NO,2001-02-10,2001-02-11
67712838,178236,AfricanAmerican,Male,[90-100),?,1,1,7,6,?,?,45,1,8,0,0,2,550,250.01,403,7,None,None,No,No,No,No,No,No,No,No,No,No,No,No,No,No,No,No,No,No,No,No,No,No,No,No,No,>30,2001-02-13,2001-02-19
68783586,19803618,Caucasian,Female,[60-70),?,1,18,7,6,?,?,48,1,21,0,0,1,348,340,599,6,None,Norm,Steady,No,No,No,No,No,No,Steady,No,No,No,No,No,No,No,No,No,Steady,No,No,No,No,No,Ch,Yes,>30,2001-02-28,2001-03-06
68814036,99298062,Caucasian,Female,[80-90),?,6,6,17,6,?,Family/GeneralPractice,70,0,10,0,0,0,290,250.02,428,8,None,None,No,No,No,No,No,No,Steady,No,No,No,No,No,No,No,No,No,No,No,No,No,No,No,No,No,Yes,>30,2001-03-01,2001-03-07
68986044,37330695,Caucasian,Male,[80-90),?,1,3,7,9,?,?,68,1,25,0,1,0,38,599,250.82,8,None,None,No,No,No,No,No,No,No,No,No,No,No,No,No,No,No,No,No,Up,No,No,No,No,No,Ch,Yes,>30,2001-03-03,2001-03-12
69698676,81043353,Caucasian,Male,[60-70),[75-100),3,1,1,9,?,Surgery-General,35,3,20,2,0,0,990,E878,202,9,None,None,Steady,No,No,No,No,No,No,No,No,Steady,No,No,No,No,No,No,No,No,No,No,No,No,No,Ch,Yes,>30,2001-03-14,2001-03-23
71005434,23436261,Caucasian,Male,[50-60),?,1,6,17,2,?,?,25,0,16,3,1,1,491,571,305,7,Norm,None,No,No,No,No,No,No,No,Steady,No,No,No,No,No,No,No,No,No,Steady,No,No,No,No,No,Ch,Yes,>30,2001-03-30,2001-04-01
71008842,1743480,AfricanAmerican,Male,[70-80),?,1,1,7,1,?,InternalMedicine,31,0,7,0,0,5,427,398,511,9,None,None,No,No,No,No,No,No,No,No,No,No,No,No,No,No,No,No,No,No,No,No,No,No,No,No,No,>30,2001-03-30,2001-03-31
71031342,6648138,AfricanAmerican,Female,[70-80),?,1,3,7,11,?,?,43,1,20,0,0,1,486,428,403,9,None,None,No,No,No,No,No,No,No,No,No,No,No,No,No,No,No,No,No,No,No,No,No,No,No,No,No,NO,2001-03-31,2001-04-11
71570730,9409851,Caucasian,Female,[90-100),?,1,1,7,6,?,?,58,4,5,0,0,0,537,428,578,9,None,None,No,No,No,No,No,No,No,No,No,No,No,No,No,No,No,No,No,No,No,No,No,No,No,No,No,<30,2001-04-08,2001-04-14
72916008,769464,AfricanAmerican,Female,[30-40),?,1,1,7,8,?,?,40,0,13,0,0,0,562,401,250,3,None,None,No,No,No,No,No,No,No,No,No,No,No,No,No,No,No,No,No,No,No,No,No,No,No,No,No,NO,2001-04-29,2001-05-07
73432632,20771046,Caucasian,Male,[0-10),?,1,1,7,3,?,Pediatrics-Endocrinology,54,0,2,0,0,0,250.03,276,?,2,None,>8,No,No,No,No,No,No,No,No,No,No,No,No,No,No,No,No,No,No,No,No,No,No,No,No,No,NO,2001-05-07,2001-05-10
73728216,23740524,Caucasian,Female,[70-80),?,5,14,17,12,?,?,25,1,35,0,0,0,162,198,486,9,>200,None,No,No,No,No,No,No,No,No,No,No,No,No,No,No,No,No,No,Steady,No,No,No,No,No,No,Yes,NO,2001-05-11,2001-05-23
73999554,20893824,AfricanAmerican,Male,[70-80),?,1,1,7,7,?,?,68,0,12,0,0,0,250.4,402,581,6,None,>7,No,No,No,No,No,No,No,Steady,No,No,No,No,No,No,No,No,No,No,No,No,No,No,No,No,Yes,>30,2001-05-16,2001-05-23
74826546,1824993,AfricanAmerican,Male,[70-80),?,2,1,1,4,?,?,37,0,5,0,0,1,198,162,496,4,None,None,No,No,No,No,No,No,No,No,No,No,No,No,No,No,No,No,No,Steady,No,No,No,No,No,No,Yes,<30,2001-05-28,2001-06-01
75203076,19188630,AfricanAmerican,Female,[10-20),?,3,1,1,3,?,ObstetricsandGynecology,47,0,12,0,0,1,642,648,250.01,4,None,None,Steady,No,No,No,No,No,No,No,No,No,No,No,No,No,No,No,No,No,No,No,No,No,No,No,Yes,NO,2001-06-04,2001-06-07
75441252,2515653,Caucasian,Male,[80-90),?,1,1,7,1,?,Emergency/Trauma,34,0,8,0,0,0,786,250,272,6,None,None,No,No,No,No,No,No,Steady,No,No,Steady,No,No,No,No,No,No,No,No,No,No,No,No,No,Ch,Yes,NO,2001-06-07,2001-06-08
75810606,61764048,Caucasian,Male,[30-40),[125-150),1,1,7,8,?,Surgery-General,48,1,12,1,1,0,998,681,41,9,None,None,Down,No,No,No,No,No,No,No,No,No,No,No,No,No,No,No,No,Steady,No,No,No,No,No,Ch,Yes,>30,2001-06-15,2001-06-23
76258956,20810088,Caucasian,Male,[70-80),?,2,8,1,4,?,?,48,1,12,0,0,1,998,414,V45,5,None,None,No,No,No,No,No,No,No,No,No,No,No,No,No,No,No,No,No,Down,No,No,No,No,No,Ch,Yes,NO,2001-06-22,2001-06-26
76412592,98843805,Caucasian,Female,[70-80),?,3,3,1,3,?,Orthopedics-Reconstructive,58,2,19,0,0,0,715,250,562,3,None,None,Steady,No,No,No,No,No,No,No,No,No,No,No,No,No,No,No,No,No,No,No,No,No,No,No,Yes,>30,2001-06-24,2001-06-27
76747920,1336401,AfricanAmerican,Male,[70-80),?,1,1,7,2,?,Urology,33,1,5,0,0,1,997,788,599,6,None,None,No,No,No,No,No,No,No,No,No,No,No,No,No,No,No,No,No,No,No,No,No,No,No,No,No,NO,2001-07-01,2001-07-03
77009880,866682,Caucasian,Female,[60-70),?,1,1,7,8,?,?,64,2,21,0,0,0,491,486,599,6,None,None,No,No,No,No,No,No,Steady,No,No,No,No,No,No,No,No,No,No,No,No,No,No,No,No,No,Yes,NO,2001-07-05,2001-07-13
77548818,103884102,Caucasian,Female,[50-60),?,1,1,7,5,?,InternalMedicine,54,0,8,0,0,0,250.2,276,401,6,None,None,Steady,No,No,No,No,No,No,No,No,No,No,No,No,No,No,No,No,Down,No,No,No,No,No,Ch,Yes,NO,2001-07-13,2001-07-18
78520284,8085465,AfricanAmerican,Female,[40-50),?,1,1,4,4,?,Emergency/Trauma,50,2,13,0,0,0,342,250.6,437,7,None,Norm,No,No,No,No,No,No,No,No,No,No,No,No,No,No,No,No,No,No,No,No,No,No,No,No,No,NO,2001-07-29,2001-08-02
78662358,5485212,Caucasian,Female,[70-80),?,3,1,1,2,?,?,25,3,29,0,0,0,441,440,414,9,None,None,No,No,No,No,No,No,No,No,No,No,No,No,No,No,No,No,No,Steady,No,No,No,No,No,No,Yes,NO,2001-08-02,2001-08-04
79712118,23409549,Caucasian,Female,[70-80),?,6,25,17,5,?,Family/GeneralPractice,25,2,13,4,0,0,250.4,403,276,9,>200,None,No,No,No,No,No,No,No,No,No,No,No,No,No,No,No,No,No,Steady,No,No,No,No,No,No,Yes,>30,2001-08-20,2001-08-25
79720674,4936392,Caucasian,Female,[60-70),?,1,1,1,12,?,?,33,1,15,0,0,1,295,250.6,401,9,None,>8,Up,No,No,No,No,No,No,Up,No,No,No,No,No,No,No,No,No,Steady,No,No,No,No,No,Ch,Yes,NO,2001-08-21,2001-09-02
80727024,89247240,Caucasian,Female,[80-90),?,2,3,7,3,?,Surgery-General,59,4,23,0,0,0,823,E884,401,8,None,None,No,No,No,No,No,No,No,Steady,No,No,No,No,No,No,No,No,No,Steady,No,No,No,No,No,Ch,Yes,NO,2001-09-01,2001-09-04
80765256,33264,AfricanAmerican,Female,[50-60),?,1,1,7,1,?,?,32,0,9,0,0,0,998,585,V45,9,None,None,No,No,No,No,No,No,No,No,No,No,No,No,No,No,No,No,No,No,No,No,No,No,No,No,No,NO,2001-09-02,2001-09-03
82187598,36684297,Caucasian,Male,[50-60),?,6,3,17,10,?,?,71,0,19,0,0,1,482,340,276,9,None,>8,No,No,No,No,No,No,No,No,No,No,No,No,No,No,No,No,No,Steady,No,No,No,No,No,No,Yes,>30,2001-09-26,2001-10-06
82675992,114469578,Caucasian,Female,[70-80),?,6,1,4,5,?,Pulmonology,1,2,9,0,0,1,V54,250.02,998,3,None,None,Steady,No,No,No,No,No,No,Steady,No,No,No,No,No,No,No,No,No,Up,No,No,No,No,No,Ch,Yes,NO,2001-10-04,2001-10-09
83282832,3837645,Caucasian,Female,[40-50),?,1,3,7,3,?,InternalMedicine,46,1,20,0,0,0,428,403,250.6,9,None,None,No,No,No,No,No,No,No,No,No,No,No,No,No,No,No,No,No,Steady,No,No,No,No,No,No,Yes,NO,2001-10-13,2001-10-16
83606496,20991267,Caucasian,Female,[60-70),?,1,6,7,4,?,InternalMedicine,37,0,12,0,0,2,401,250.41,295,8,None,None,No,No,No,No,No,No,No,No,No,No,No,No,No,No,No,No,No,Down,No,No,No,No,No,Ch,Yes,<30,2001-10-18,2001-10-22
83676630,9486288,AfricanAmerican,Male,[40-50),?,1,1,1,1,?,InternalMedicine,21,0,4,0,0,0,250,?,?,1,None,>8,Steady,No,No,No,No,No,No,Steady,No,No,No,No,No,No,No,No,No,Steady,No,No,No,No,No,Ch,Yes,NO,2001-10-19,2001-10-20
83707566,3801654,AfricanAmerican,Female,[70-80),?,1,3,7,6,?,Family/GeneralPractice,46,0,13,0,0,0,434,599,784,9,None,None,No,No,No,No,No,No,No,No,No,No,No,No,No,No,No,No,No,No,No,No,No,No,No,No,No,NO,2001-10-19,2001-10-25
83919984,602028,Caucasian,Female,[70-80),?,1,1,6,2,UN,InternalMedicine,1,0,7,0,0,0,435,250,272,5,None,None,No,No,No,No,No,No,No,No,No,No,No,No,No,No,No,No,No,Steady,No,No,No,No,No,No,Yes,<30,2001-10-24,2001-10-26
84873924,21390120,Caucasian,Female,[80-90),?,1,1,7,2,?,?,33,0,3,0,0,0,250.8,413,780,5,None,None,No,No,No,No,No,No,No,No,No,No,Steady,No,No,No,No,No,No,No,No,No,No,No,No,No,Yes,NO,2001-11-09,2001-11-11
85031304,21043746,Caucasian,Male,[10-20),?,1,1,7,1,?,Anesthesiology-Pediatric,55,0,7,0,0,0,250.13,276,787,3,None,>8,No,No,No,No,No,No,No,No,No,No,No,No,No,No,No,No,No,Steady,No,No,No,No,No,No,Yes,NO,2001-11-12,2001-11-13
87728490,35271,Caucasian,Female,[50-60),?,1,6,7,4,?,?,40,0,28,0,0,1,682,112,611,9,None,>8,Steady,No,No,No,No,No,No,Steady,No,No,Steady,No,No,No,No,No,No,Up,No,No,No,No,No,Ch,Yes,NO,2001-12-24,2001-12-28
88936728,25584138,Asian,Female,[70-80),?,1,1,7,2,?,InternalMedicine,22,0,8,0,0,0,401,432,784,4,None,None,No,No,No,No,No,No,Up,No,No,No,No,No,No,No,No,No,No,No,No,No,No,No,No,Ch,Yes,NO,2002-01-07,2002-01-09
91105842,94415517,Caucasian,Male,[80-90),?,1,13,7,7,MC,?,64,0,13,0,0,0,486,428,250,9,None,None,No,No,No,No,No,No,No,No,No,No,No,No,No,No,No,No,No,Down,No,No,No,No,No,Ch,Yes,NO,2002-01-30,2002-02-06
91106700,24412527,Caucasian,Female,[70-80),?,5,3,17,3,MC,Orthopedics-Reconstructive,9,1,15,0,0,0,824,250.01,E888,8,Norm,None,Steady,No,No,No,No,No,No,No,No,No,No,No,No,No,No,No,No,Up,No,No,No,No,No,Ch,Yes,NO,2002-01-30,2002-02-02
91594566,211932,AfricanAmerican,Male,[30-40),?,2,1,1,1,UN,InternalMedicine,44,0,11,0,0,0,380,41,250.43,5,None,None,No,No,No,No,No,No,No,No,No,No,No,No,No,No,No,No,No,No,No,No,No,No,No,No,No,>30,2002-02-05,2002-02-06
91609002,10718712,Caucasian,Male,[40-50),?,2,1,4,4,UN,InternalMedicine,75,1,9,0,0,0,577,560,790,5,None,None,No,No,No,No,No,No,No,No,No,No,No,No,No,No,No,No,No,Steady,No,No,No,No,No,No,Yes,NO,2002-02-05,2002-02-09
92693622,56246229,Caucasian,Female,[80-90),?,1,3,7,3,?,Orthopedics,29,0,10,0,0,0,812,707,250,9,None,None,No,No,No,No,Steady,No,No,No,No,No,No,No,No,No,No,No,No,No,No,No,No,No,No,No,Yes,NO,2002-02-15,2002-02-18
92834460,114053904,Caucasian,Male,[50-60),?,6,1,17,1,?,Cardiology,53,0,8,0,0,0,780,414,V45,7,None,None,No,No,No,No,No,No,No,No,No,No,No,No,No,No,No,No,No,No,No,No,No,No,No,No,No,NO,2002-02-16,2002-02-17
92951076,4035510,AfricanAmerican,Female,[80-90),?,1,3,6,4,HM,?,46,0,14,0,0,0,436,729,780,5,None,>8,No,No,No,No,No,No,Steady,No,No,No,No,No,No,No,No,No,No,Steady,No,No,No,No,No,Ch,Yes,NO,2002-02-17,2002-02-21
95392362,1673910,Caucasian,Female,[70-80),?,2,1,1,8,MC,InternalMedicine,65,2,19,0,0,0,721,414,278,5,None,None,Down,No,No,No,Steady,No,No,No,No,No,No,No,No,No,No,No,No,Steady,No,No,No,No,No,Ch,Yes,NO,2002-03-17,2002-03-25
95440974,88938801,Caucasian,Male,[80-90),?,1,3,7,14,MC,Family/GeneralPractice,65,0,22,0,0,6,421,428,403,9,None,None,No,No,No,No,No,No,Up,No,No,Steady,No,No,No,No,No,No,No,Steady,No,No,No,No,No,Ch,Yes,<30,2002-03-18,2002-04-01
96236460,97245,Caucasian,Male,[40-50),?,1,1,6,4,UN,InternalMedicine,35,2,15,0,0,0,250.7,707,785,5,None,None,No,No,No,No,No,No,No,No,No,No,No,No,No,No,No,No,No,Steady,No,No,No,No,No,No,Yes,<30,2002-03-28,2002-04-01
96581502,93180798,Hispanic,Male,[60-70),?,2,1,1,2,?,Family/GeneralPractice,37,0,7,0,0,0,601,599,578,8,None,None,No,No,No,No,No,No,Steady,No,No,No,No,No,No,No,No,No,No,No,No,No,No,No,No,No,Yes,NO,2002-04-03,2002-04-05
96789672,23511879,Caucasian,Male,[30-40),?,1,1,7,2,?,InternalMedicine,26,1,9,0,0,0,250.11,276,305,3,None,None,No,No,No,No,No,No,No,No,No,No,No,No,No,No,No,No,No,Steady,No,No,No,No,No,No,Yes,>30,2002-04-07,2002-04-09
97114986,68424795,Caucasian,Male,[40-50),?,2,1,7,7,MC,Pulmonology,43,1,18,0,1,3,250.6,536,535,7,None,None,No,No,No,No,No,No,No,No,No,No,No,No,No,No,No,No,No,No,No,No,No,No,No,No,No,>30,2002-04-13,2002-04-20
97343778,24157764,AfricanAmerican,Female,[70-80),?,1,1,7,6,?,Nephrology,43,2,17,0,0,0,531,250.41,403,5,None,None,No,No,No,No,No,No,Steady,No,No,No,No,No,No,No,No,No,No,No,No,No,No,No,No,No,Yes,NO,2002-04-15,2002-04-21
97780662,5154912,Caucasian,Male,[70-80),?,1,1,6,6,MC,InternalMedicine,50,0,11,0,0,0,728,780,788,5,None,None,Steady,No,No,No,No,No,Steady,No,No,No,No,No,No,No,No,No,No,No,No,No,No,No,No,Ch,Yes,>30,2002-04-25,2002-05-01
98131218,16571475,?,Male,[60-70),?,2,1,1,1,MC,Cardiology,30,1,13,0,0,0,427,429,250,4,None,None,No,No,No,No,No,No,No,No,No,No,No,No,No,No,No,No,No,No,Steady,No,No,No,No,No,Yes,NO,2002-05-02,2002-05-03
98162214,24622983,AfricanAmerican,Female,[50-60),?,3,1,1,1,?,Surgery-Neuro,36,1,26,0,0,0,722,250,?,2,None,None,Steady,No,No,No,No,No,No,Steady,No,No,No,No,No,No,No,No,No,No,No,No,No,No,No,Ch,Yes,NO,2002-05-03,2002-05-04
98484390,14489883,AfricanAmerican,Male,[70-80),?,2,1,9,3,UN,InternalMedicine,52,0,7,0,0,0,250.22,780,276,5,None,>8,Steady,No,No,No,No,No,No,No,No,No,Steady,No,No,No,No,No,No,Steady,No,No,No,No,No,Ch,Yes,NO,2002-05-07,2002-05-10
98866128,3399831,Caucasian,Female,[90-100),?,1,1,6,4,MC,InternalMedicine,66,0,11,0,0,0,398,490,401,5,None,None,No,No,No,No,No,No,No,No,No,No,No,No,No,No,No,No,No,Steady,No,No,No,No,No,No,Yes,NO,2002-05-14,2002-05-18
99262746,1971162,Caucasian,Female,[60-70),?,1,1,7,2,?,?,75,6,19,1,1,0,572,427,428,9,None,>7,No,No,No,No,No,No,Steady,No,No,Steady,No,No,No,No,No,No,No,Steady,No,No,No,No,No,Ch,Yes,>30,2002-05-20,2002-05-22
99564156,18038538,?,Female,[80-90),?,1,1,6,3,MC,InternalMedicine,45,0,7,0,0,0,435,707,250,5,None,>7,No,No,No,No,No,No,No,No,No,No,No,No,No,No,No,No,No,Steady,No,No,No,No,No,No,Yes,NO,2002-05-25,2002-05-28
99930654,17848989,Caucasian,Female,[40-50),?,2,1,1,3,UN,Surgery-General,44,1,12,0,0,0,574,276,250,5,None,None,No,No,No,No,No,No,No,No,No,Steady,No,No,No,No,No,No,No,No,No,No,No,No,No,No,Yes,<30,2002-05-30,2002-06-02
100004472,5294349,Caucasian,Female,[40-50),?,1,1,6,4,BC,?,43,0,17,0,0,0,79,786,715,5,None,None,No,No,Steady,No,No,No,No,No,No,No,No,No,No,No,No,No,No,No,No,No,No,No,No,No,Yes,NO,2002-06-01,2002-06-05
100435026,113337846,Caucasian,Female,[80-90),?,1,3,7,10,?,Endocrinology,58,0,14,0,0,0,812,250,244,5,None,None,No,No,No,No,No,No,No,No,No,Steady,No,No,No,No,No,No,No,Steady,No,No,No,No,No,Ch,Yes,NO,2002-06-08,2002-06-18
101498982,24279696,AfricanAmerican,Male,[70-80),?,2,1,1,9,?,InternalMedicine,39,0,13,0,0,0,453,38,995,9,None,None,Steady,No,No,No,No,No,No,No,No,No,No,No,No,No,No,No,No,No,No,No,No,No,No,No,Yes,>30,2002-06-28,2002-07-07
101775318,23870349,Caucasian,Male,[50-60),?,2,2,17,4,HM,Surgery-General,18,0,22,1,0,1,410,707,426,9,Norm,None,No,No,No,No,No,No,No,No,No,No,No,No,No,No,No,No,No,Down,No,No,No,No,No,Ch,Yes,>30,2002-07-03,2002-07-07
102683604,109176372,Caucasian,Female,[80-90),?,6,1,7,10,?,InternalMedicine,81,0,19,0,0,3,428,427,414,6,>200,Norm,No,No,No,No,No,No,No,No,No,No,No,No,No,No,No,No,No,Steady,No,No,No,No,No,No,Yes,>30,2002-07-20,2002-07-30
103130688,3806892,?,Male,[50-60),?,1,7,6,5,UN,InternalMedicine,48,5,22,0,0,0,410,250.82,414,5,None,>8,Steady,No,No,No,Steady,No,No,No,No,No,Down,No,No,No,No,No,No,Steady,No,No,No,No,No,Ch,Yes,NO,2002-07-29,2002-08-03
103531788,23939073,Caucasian,Female,[90-100),?,1,3,17,3,MC,?,16,0,11,1,0,0,733,427,733,4,Norm,None,No,No,No,No,No,No,No,Down,No,No,No,No,No,No,No,No,No,No,No,No,No,No,No,Ch,Yes,>30,2002-08-05,2002-08-08
104001126,24701148,AfricanAmerican,Female,[70-80),?,1,1,7,2,?,InternalMedicine,43,0,9,0,0,0,922,285,599,9,None,None,Steady,No,No,No,No,No,No,No,No,No,No,No,No,No,No,No,No,No,No,No,No,No,No,No,Yes,NO,2002-08-13,2002-08-15
104224500,24572025,Caucasian,Female,[80-90),?,2,1,1,2,?,Cardiology,14,0,12,0,1,0,786,414,250,5,None,None,No,No,No,No,Steady,No,No,No,No,No,No,No,No,No,No,No,No,No,No,No,No,No,No,No,Yes,NO,2002-08-16,2002-08-18
104321928,24195105,Caucasian,Male,[70-80),?,5,6,17,3,MC,?,18,0,13,0,0,0,491,996,599,7,Norm,None,No,No,No,No,No,No,No,No,No,No,No,No,No,No,No,No,No,No,No,No,No,No,No,No,No,NO,2002-08-18,2002-08-21
105061044,11411613,Caucasian,Female,[60-70),?,6,1,17,1,?,Cardiology,49,5,19,0,0,0,410,250.01,414,9,None,None,No,No,No,No,No,No,No,No,No,No,No,No,No,No,No,No,No,No,No,No,No,No,No,No,No,>30,2002-09-01,2002-09-02
105280026,104566554,Caucasian,Male,[60-70),?,2,1,7,4,BC,Family/GeneralPractice,47,0,16,0,0,0,493,682,401,8,None,>8,Steady,No,No,No,No,No,No,Up,No,No,No,No,No,No,No,No,No,No,No,No,No,No,No,Ch,Yes,>30,2002-09-05,2002-09-09
105759726,23742693,Caucasian,Female,[60-70),?,1,1,7,3,?,?,43,2,28,1,0,0,812,840,250,4,None,None,Down,No,No,No,No,No,No,No,No,No,No,No,No,No,No,No,No,No,No,No,No,No,No,Ch,Yes,>30,2002-09-15,2002-09-18
106199028,24325227,Caucasian,Male,[80-90),?,5,11,17,13,MC,?,19,6,34,0,1,0,518,507,584,9,>200,None,No,No,No,No,No,No,No,No,No,No,No,No,No,No,No,No,No,Down,No,No,No,No,No,Ch,Yes,NO,2002-09-24,2002-10-07
106756380,3939597,?,Female,[80-90),?,2,3,1,9,MC,Family/GeneralPractice,22,0,12,0,0,0,V54,285,715,5,None,None,No,No,No,No,No,No,Steady,No,No,No,No,No,No,No,No,No,No,Steady,No,No,No,No,No,Ch,Yes,>30,2002-10-05,2002-10-14
107058048,106243470,Caucasian,Female,[80-90),?,1,22,7,4,MC,?,53,0,14,0,0,3,808,E885,401,9,None,None,No,No,No,No,No,No,Steady,No,No,No,No,No,No,No,No,No,No,Steady,No,No,No,No,No,Ch,Yes,NO,2002-10-11,2002-10-15
107273574,18928755,Caucasian,Female,[80-90),?,2,1,1,1,MC,Surgery-General,16,5,9,0,0,0,414,401,250,4,None,None,No,No,No,No,No,No,No,No,No,No,No,No,No,No,No,No,No,Steady,No,No,No,No,No,No,Yes,NO,2002-10-14,2002-10-15
108074574,3836520,Caucasian,Female,[70-80),?,1,1,6,2,MC,InternalMedicine,56,3,7,0,0,0,414,599,276,5,None,None,No,No,No,No,No,No,No,No,No,No,No,No,No,No,No,No,No,No,No,No,No,No,No,No,No,NO,2002-10-29,2002-10-31
108285660,57738654,Caucasian,Female,[80-90),?,6,3,17,4,?,InternalMedicine,65,2,14,2,1,2,920,293,331,9,None,Norm,No,No,No,No,No,No,No,No,No,No,No,No,No,No,No,No,No,No,No,No,No,No,No,No,No,>30,2002-11-02,2002-11-06
108987816,6722739,Caucasian,Male,[70-80),?,1,1,7,3,?,Gastroenterology,51,1,8,2,0,0,562,427,250,5,None,None,No,No,No,No,No,No,No,Up,No,No,No,No,No,No,No,No,No,No,No,No,No,No,No,Ch,Yes,<30,2002-11-15,2002-11-18
109004574,23234535,AfricanAmerican,Female,[50-60),?,1,11,7,6,MC,InternalMedicine,49,1,19,0,0,0,572,571,576,8,None,None,No,No,No,No,No,No,No,No,No,No,No,No,No,No,No,No,No,Up,No,No,No,No,No,Ch,Yes,NO,2002-11-15,2002-11-21
109182012,24751674,Caucasian,Female,[70-80),?,1,1,7,4,MC,Orthopedics-Reconstructive,38,1,33,0,0,0,812,402,428,9,None,None,No,No,No,No,No,No,No,No,No,No,No,No,No,No,No,No,No,No,No,No,No,No,No,No,No,NO,2002-11-19,2002-11-23
109628532,99060300,Caucasian,Female,[50-60),?,1,1,7,5,?,Neurology,70,2,14,0,1,2,780,250.6,536,9,None,>7,No,No,No,No,No,No,Steady,No,No,No,No,No,No,No,No,No,No,No,No,No,No,No,No,No,Yes,<30,2002-11-26,2002-12-01
109935042,78354081,Caucasian,Male,[70-80),?,1,6,7,2,?,Family/GeneralPractice,47,0,16,1,0,0,491,724,250,4,None,None,Steady,No,No,No,No,No,Steady,No,No,No,Steady,No,No,No,No,No,No,Steady,No,No,No,No,No,Ch,Yes,NO,2002-11-30,2002-12-02
110100654,19157256,Caucasian,Female,[70-80),?,2,1,4,11,MC,Cardiology,72,5,25,0,0,0,410,427,414,5,None,Norm,No,No,No,No,No,No,No,No,No,No,No,No,No,No,No,No,No,Steady,No,No,No,No,No,No,Yes,NO,2002-12-02,2002-12-13
110203032,6960717,AfricanAmerican,Female,[50-60),?,1,1,6,1,BC,?,38,0,4,0,0,0,786,272,401,5,None,None,No,No,No,No,No,No,No,No,No,No,No,No,No,No,No,No,No,Steady,No,No,No,No,No,No,Yes,NO,2002-12-04,2002-12-05
110939484,19274094,Caucasian,Female,[70-80),?,1,1,6,11,UN,InternalMedicine,68,0,20,0,0,0,250.8,599,263,5,None,None,No,No,No,No,No,No,No,No,No,No,No,No,No,No,No,No,No,Steady,No,No,No,No,No,No,Yes,NO,2002-12-15,2002-12-26
111600858,103802184,AfricanAmerican,Female,[60-70),?,1,1,7,3,MD,?,63,0,18,0,3,7,789,564,285,9,None,>7,No,No,No,No,No,No,No,No,No,No,No,No,No,No,No,No,No,Up,No,No,No,No,No,Ch,Yes,<30,2002-12-25,2002-12-28
111636036,90797328,Caucasian,Female,[80-90),?,1,6,7,6,CP,Emergency/Trauma,37,0,12,1,0,1,402,428,428,9,None,None,No,No,No,No,No,No,No,No,No,No,No,No,No,No,No,No,No,Up,No,No,No,No,No,Ch,Yes,<30,2002-12-25,2002-12-31
112314882,15716556,?,Male,[70-80),?,1,1,6,1,HM,?,44,0,9,0,0,0,435,250,401,5,None,None,Steady,No,No,No,No,No,No,Down,No,Steady,No,No,No,No,No,No,No,No,No,No,No,No,No,Ch,Yes,NO,2003-01-02,2003-01-03
112978884,23443362,AfricanAmerican,Male,[80-90),?,3,1,1,3,MC,InternalMedicine,40,4,16,0,0,3,578,515,280,9,None,None,No,No,No,No,No,No,No,No,No,No,No,No,No,No,No,No,No,Steady,No,No,No,No,No,No,Yes,>30,2003-01-07,2003-01-10
113371614,51103332,Caucasian,Female,[80-90),?,1,6,7,3,CM,?,51,0,22,0,0,0,428,276,493,9,None,None,Steady,No,No,No,No,No,No,No,No,Steady,No,No,No,No,No,No,No,Steady,No,No,No,No,No,Ch,Yes,>30,2003-01-10,2003-01-13
113474250,21892212,Caucasian,Male,[80-90),?,1,3,7,4,CM,?,58,0,13,0,0,0,996,585,349,8,None,None,No,No,No,No,No,No,Steady,No,No,No,No,No,No,No,No,No,No,Steady,No,No,No,No,No,Ch,Yes,NO,2003-01-11,2003-01-15
113615400,24778314,AfricanAmerican,Male,[60-70),?,1,1,7,2,MC,InternalMedicine,35,3,7,1,0,0,250.12,584,276,5,None,None,No,No,No,No,No,No,Steady,No,No,No,No,No,No,No,No,No,No,Up,No,No,No,No,No,Ch,Yes,NO,2003-01-12,2003-01-14
113905164,54033840,Caucasian,Male,[60-70),?,3,1,1,4,?,Surgeon,39,1,15,4,0,1,998,41,41,9,None,None,Steady,No,No,No,No,No,No,No,No,No,No,No,No,No,No,No,No,Steady,No,No,No,No,No,Ch,Yes,NO,2003-01-15,2003-01-19
116219700,23244516,AfricanAmerican,Female,[60-70),?,1,1,7,6,MC,Family/GeneralPractice,46,0,27,0,0,1,428,250.01,401,3,None,>7,Steady,No,No,No,No,No,No,No,No,Steady,No,No,No,No,No,No,No,Steady,No,No,No,No,No,Ch,Yes,NO,2003-02-01,2003-02-07
116699490,103306473,Caucasian,Female,[20-30),?,8,1,1,3,?,Surgery-General,36,1,11,1,0,0,278,250,?,2,None,None,No,No,No,No,No,No,No,No,No,No,No,No,No,No,No,No,No,No,No,No,No,No,No,No,No,NO,2003-02-06,2003-02-09
117859314,107646201,AfricanAmerican,Male,[60-70),?,1,1,7,3,MC,?,63,0,9,0,0,1,787,295,250,7,None,None,Steady,No,No,No,No,No,No,No,No,No,No,No,No,No,No,No,No,No,No,No,No,No,No,No,Yes,NO,2003-02-19,2003-02-22
119760852,50886333,Caucasian,Female,[60-70),?,3,1,1,4,?,?,39,3,28,0,0,0,715,250,401,5,None,None,No,No,No,No,No,No,No,No,No,No,No,No,No,No,No,No,No,No,No,No,No,No,No,No,No,>30,2003-03-09,2003-03-13
119827806,22943799,AfricanAmerican,Male,[60-70),?,1,1,7,7,MC,?,47,1,19,0,0,0,434,403,250.6,8,None,>8,No,No,No,No,No,No,No,No,No,No,No,No,No,No,No,No,No,Up,No,No,No,No,No,Ch,Yes,>30,2003-03-09,2003-03-16
120109338,58477365,AfricanAmerican,Female,[50-60),?,8,1,7,1,?,InternalMedicine,58,1,20,0,0,1,786,250.01,427,7,None,>8,Steady,No,No,No,Steady,No,No,No,No,No,No,No,No,No,No,No,No,Down,No,No,No,No,No,Ch,Yes,>30,2003-03-13,2003-03-14
120163410,81854478,Caucasian,Male,[70-80),?,1,1,7,3,MC,?,43,0,10,0,0,0,458,428,427,7,None,None,No,No,No,No,No,No,No,Steady,No,No,No,No,No,No,No,No,No,No,No,No,No,No,No,No,Yes,>30,2003-03-14,2003-03-17
121942722,42335433,Caucasian,Male,[60-70),?,6,6,17,4,?,Family/GeneralPractice,80,2,23,0,0,0,38,486,707,9,None,None,No,No,No,No,No,No,No,No,No,Steady,No,No,No,No,No,No,No,No,No,No,No,No,No,No,Yes,>30,2003-04-03,2003-04-07
122347740,90246177,Caucasian,Female,[70-80),?,2,1,7,2,MC,Emergency/Trauma,1,0,7,0,0,0,786,553,401,8,None,None,No,No,No,No,Steady,No,No,No,No,No,No,No,No,No,No,No,No,No,No,No,No,No,No,No,Yes,>30,2003-04-08,2003-04-10
122466252,23199021,AfricanAmerican,Male,[50-60),?,3,1,1,2,BC,InternalMedicine,42,0,9,0,1,8,577,276,250.6,9,None,None,No,No,No,No,No,No,No,No,No,No,No,No,No,No,No,No,No,No,No,No,No,No,No,No,No,>30,2003-04-10,2003-04-12
122568090,79298118,AfricanAmerican,Female,[60-70),?,1,4,7,12,?,?,30,2,17,0,0,0,38,440,707,9,None,None,No,No,No,No,No,No,No,No,No,No,No,No,No,No,No,No,No,Steady,No,No,No,No,No,No,Yes,<30,2003-04-11,2003-04-23
124182372,43413705,Caucasian,Female,[40-50),?,1,1,7,4,SP,?,55,0,14,0,0,0,276,722,250.6,5,None,None,No,No,No,No,No,No,No,No,No,No,No,No,No,No,No,No,No,Down,No,No,No,No,No,Ch,Yes,>30,2003-05-02,2003-05-06
124896414,92774349,Caucasian,Male,[70-80),?,2,2,7,2,SP,Emergency/Trauma,4,0,11,0,0,1,414,411,155,7,None,None,No,No,No,No,No,No,No,No,No,No,No,No,No,No,No,No,No,No,No,No,No,No,No,No,No,NO,2003-05-11,2003-05-13
125422974,22943799,AfricanAmerican,Male,[60-70),?,1,1,7,8,MC,?,43,1,16,0,0,1,250.22,403,486,8,None,None,No,No,No,No,No,No,No,No,No,No,No,No,No,No,No,No,No,Up,No,No,No,No,No,Ch,Yes,>30,2003-05-19,2003-05-27
125805870,87800418,Caucasian,Female,[60-70),?,6,1,1,1,?,?,38,1,8,0,0,0,188,428,593,6,Norm,None,No,No,No,No,No,No,No,No,No,No,No,No,No,No,No,No,No,No,No,No,No,No,No,No,No,>30,2003-05-24,2003-05-25
125866392,36291402,AfricanAmerican,Male,[40-50),?,2,1,7,3,OG,Emergency/Trauma,38,0,8,0,0,0,250.82,682,401,5,None,None,Steady,No,No,No,No,No,No,No,No,No,No,No,No,No,No,No,No,Steady,No,No,No,No,No,Ch,Yes,NO,2003-05-27,2003-05-30
126149724,102481893,Hispanic,Female,[50-60),?,2,1,7,1,UN,Emergency/Trauma,7,3,11,0,0,1,786,401,250,4,None,None,Steady,No,No,No,No,No,No,No,No,No,No,No,No,No,No,No,No,No,No,No,No,No,No,No,Yes,NO,2003-05-30,2003-05-31
126171582,88785891,Caucasian,Female,[20-30),?,1,1,7,5,BC,Emergency/Trauma,35,0,15,1,0,3,250.13,536,V58,6,None,None,No,No,No,No,No,No,No,No,No,No,No,No,No,No,No,No,No,Up,No,No,No,No,No,Ch,Yes,>30,2003-05-30,2003-06-04
126188940,87186501,Caucasian,Male,[70-80),?,3,1,1,5,?,Surgery-Vascular,2,5,16,0,0,0,440,785,707,9,None,None,No,No,No,No,No,No,No,No,No,No,No,No,No,No,No,No,No,No,No,No,No,No,No,No,No,NO,2003-05-30,2003-06-04
126338142,92348514,Caucasian,Male,[70-80),?,1,1,7,3,MC,Family/GeneralPractice,58,0,5,0,0,0,434,396,397,9,None,>7,No,No,No,No,No,No,No,No,No,No,No,No,No,No,No,No,No,No,No,No,No,No,No,No,No,NO,2003-06-01,2003-06-04
127924674,24992838,AfricanAmerican,Female,[70-80),?,1,1,7,6,MC,InternalMedicine,44,1,24,0,0,1,486,402,428,8,None,None,Steady,No,Steady,No,No,No,Up,No,No,No,No,No,No,No,No,No,No,Up,No,No,No,No,No,Ch,Yes,>30,2003-06-28,2003-07-04
127936806,23572080,Caucasian,Male,[80-90),?,1,1,7,3,MC,InternalMedicine,50,0,21,0,0,0,466,486,465,9,None,None,No,No,No,No,Steady,No,No,No,No,No,No,No,No,No,No,No,No,Steady,No,No,No,No,No,Ch,Yes,>30,2003-06-28,2003-07-01
128419554,24407892,AfricanAmerican,Female,[70-80),?,1,6,7,4,MC,InternalMedicine,44,0,16,0,0,3,428,425,427,9,None,None,No,No,No,No,No,No,No,Steady,No,No,No,No,No,No,No,No,No,No,No,No,No,No,No,No,Yes,>30,2003-07-06,2003-07-10
128793564,101258865,Caucasian,Male,[70-80),?,3,1,1,4,?,?,58,6,23,0,0,1,414,411,428,9,None,None,No,No,No,No,No,No,No,No,No,No,No,No,No,No,No,No,No,Up,No,No,No,No,No,Ch,Yes,>30,2003-07-11,2003-07-15
128866614,34479522,Caucasian,Female,[30-40),?,6,1,7,10,?,?,96,3,28,0,0,1,584,403,250,5,>300,None,No,No,No,No,No,No,No,No,No,No,No,No,No,No,No,No,No,No,No,No,No,No,No,No,No,>30,2003-07-12,2003-07-22
129206592,95346531,Caucasian,Female,[90-100),?,2,3,7,6,MC,Emergency/Trauma,26,1,12,0,0,0,276,428,491,9,None,None,No,No,No,No,No,No,Steady,No,No,Steady,No,No,No,No,No,No,No,No,No,No,No,No,No,Ch,Yes,NO,2003-07-18,2003-07-24
129472194,41201901,Caucasian,Female,[50-60),?,1,1,7,3,?,InternalMedicine,68,0,20,0,0,0,401,250.02,493,5,None,>7,No,No,No,No,No,No,Steady,No,No,No,No,No,No,No,No,No,No,Steady,No,No,No,No,No,Ch,Yes,>30,2003-07-22,2003-07-25
129593592,36547344,Caucasian,Male,[50-60),?,1,2,7,2,UN,Emergency/Trauma,1,3,8,0,0,0,414,250,V17,6,None,None,No,No,No,No,No,No,No,No,No,No,No,No,No,No,No,No,No,No,No,No,No,No,No,No,No,NO,2003-07-24,2003-07-26
130104042,96564816,AfricanAmerican,Female,[50-60),?,2,1,1,1,?,InternalMedicine,10,0,18,0,0,0,278,250,401,9,None,None,Steady,No,No,No,No,No,No,No,No,No,No,No,No,No,No,No,No,Steady,No,No,No,No,No,Ch,Yes,NO,2003-07-31,2003-08-01
130120446,107886231,Caucasian,Female,[70-80),?,2,3,7,4,SP,Emergency/Trauma,1,0,12,0,0,0,812,491,428,9,None,None,No,No,No,No,No,No,Steady,No,No,No,No,No,No,No,No,No,No,Steady,No,No,No,No,No,Ch,Yes,<30,2003-08-01,2003-08-05
130148454,25055388,AfricanAmerican,Male,[20-30),?,1,4,7,4,MD,InternalMedicine,48,0,13,0,0,0,250.13,276,276,6,None,None,No,No,No,No,No,No,No,No,No,No,No,No,No,No,No,No,No,Down,No,No,No,No,No,Ch,Yes,NO,2003-08-01,2003-08-05
130686498,99800325,Caucasian,Female,[80-90),[50-75),1,3,5,6,MC,?,44,4,16,0,2,1,518,518,519,9,None,None,No,No,No,No,No,No,No,No,No,No,No,No,No,No,No,No,No,No,No,No,No,No,No,No,No,>30,2003-08-11,2003-08-17
131494548,94359078,Caucasian,Male,[80-90),?,2,3,7,5,MC,Emergency/Trauma,1,0,12,0,1,1,486,426,414,9,None,None,No,No,No,No,No,No,No,No,No,No,No,No,No,No,No,No,No,Up,No,No,No,No,No,Ch,Yes,>30,2003-08-21,2003-08-26
131555880,102847392,Caucasian,Female,[60-70),?,2,1,7,2,HM,Emergency/Trauma,26,0,9,0,0,0,427,250.4,403,9,None,None,No,No,No,No,Up,No,No,No,No,No,No,No,No,No,No,No,No,No,No,No,No,No,No,Ch,Yes,<30,2003-08-22,2003-08-24
134615754,60102144,Caucasian,Male,[70-80),?,1,1,7,3,MC,?,49,0,17,0,0,0,250.8,486,428,9,None,None,No,No,No,No,Steady,No,No,No,No,Steady,No,No,No,No,No,No,No,Steady,No,No,No,No,No,Ch,Yes,NO,2003-09-28,2003-10-01
134618856,90682947,Caucasian,Female,[70-80),?,1,1,7,5,MC,?,22,0,13,0,0,0,493,729,250,7,None,None,No,No,No,No,No,No,No,No,No,No,No,No,No,No,No,No,No,Steady,No,No,No,No,No,No,Yes,NO,2003-09-28,2003-10-03
135355074,41581485,Caucasian,Female,[70-80),?,1,4,7,11,MC,?,41,2,11,0,0,0,491,276,410,9,None,None,No,No,No,No,No,No,No,No,No,No,No,No,No,No,No,No,No,Steady,No,No,No,No,No,No,Yes,NO,2003-10-07,2003-10-18
135498336,30377637,Caucasian,Female,[80-90),?,2,3,7,6,MC,Emergency/Trauma,25,1,7,0,0,0,564,496,250,6,None,None,No,No,No,No,No,No,No,No,No,No,No,No,No,No,No,No,No,Steady,No,No,No,No,No,No,Yes,<30,2003-10-09,2003-10-15
135993852,65234214,AfricanAmerican,Female,[60-70),?,1,2,7,1,?,?,21,0,6,0,0,0,403,584,428,7,None,None,No,No,No,No,No,No,Steady,No,No,No,No,No,No,No,No,No,No,No,No,No,No,No,No,No,Yes,<30,2003-10-16,2003-10-17
136561878,85894578,Caucasian,Male,[50-60),?,6,7,7,1,?,?,43,0,8,0,0,3,786,250.01,272,5,Norm,None,No,No,No,No,No,No,No,No,No,No,No,No,No,No,No,No,No,Up,No,No,No,No,No,Ch,Yes,>30,2003-10-23,2003-10-24
137133288,71014509,Caucasian,Male,[40-50),?,1,1,7,2,HM,?,30,3,11,0,0,0,410,414,423,4,None,>8,No,No,No,No,No,No,No,No,No,No,No,No,No,No,No,No,No,No,No,No,No,No,No,No,No,>30,2003-10-29,2003-10-31
139327320,24407622,Caucasian,Male,[80-90),?,3,11,1,11,MC,Nephrology,41,1,30,0,1,4,428,427,403,5,None,None,No,No,No,No,No,No,No,No,No,No,No,No,No,No,No,No,No,Up,No,No,No,No,No,Ch,Yes,NO,2003-11-21,2003-12-02
139844214,25126056,AfricanAmerican,Female,[50-60),?,1,1,7,6,MC,InternalMedicine,45,1,18,0,0,0,493,250.02,359,9,None,None,Steady,No,No,No,No,No,No,No,No,No,No,No,No,No,No,No,No,Up,No,No,No,No,No,Ch,Yes,>30,2003-11-26,2003-12-02
140173536,98097777,AfricanAmerican,Female,[20-30),?,1,1,7,2,?,?,34,0,13,0,0,1,574,250.6,536,9,None,None,No,No,No,No,No,No,No,No,No,No,No,No,No,No,No,No,No,Steady,No,No,No,No,No,No,Yes,>30,2003-11-29,2003-12-01
141599202,25142796,AfricanAmerican,Male,[80-90),?,3,22,1,7,MC,Surgery-Vascular,29,6,24,0,0,0,440,444,682,8,None,None,No,No,No,No,No,No,No,No,No,No,No,No,No,No,No,No,No,No,No,No,No,No,No,No,No,NO,2003-12-13,2003-12-20
141653160,58907745,Caucasian,Male,[60-70),?,3,6,1,3,CP,?,33,0,17,0,0,0,V58,424,V45,7,None,None,Up,No,No,No,Steady,No,Down,No,No,No,No,No,No,No,No,No,No,No,No,No,No,No,No,Ch,Yes,<30,2003-12-14,2003-12-17
141711804,90171810,Caucasian,Female,[80-90),?,5,3,1,5,MC,?,71,2,32,1,0,0,820,410,788,9,None,None,No,No,No,No,No,No,No,No,No,No,No,No,No,No,No,No,No,Up,No,No,No,No,No,Ch,Yes,NO,2003-12-15,2003-12-20
142149240,91504368,Caucasian,Female,[70-80),?,2,2,1,2,?,Family/GeneralPractice,45,0,15,0,0,3,682,710,584,9,None,None,No,No,No,No,No,No,No,No,No,No,No,No,No,No,No,No,No,No,No,No,No,No,No,No,No,NO,2003-12-20,2003-12-22
142231554,89473653,AfricanAmerican,Female,[40-50),?,2,1,7,3,SP,Emergency/Trauma,31,0,5,0,0,0,9,250,401,4,None,None,No,No,No,No,No,No,No,No,No,No,Steady,No,No,No,No,No,No,Down,No,No,No,No,No,Ch,Yes,>30,2003-12-21,2003-12-24
143091834,57009978,AfricanAmerican,Female,[50-60),?,3,6,1,4,?,Surgery-Cardiovascular,31,1,13,2,0,0,414,420,426,9,None,None,No,No,No,No,No,No,No,No,No,No,No,No,No,No,No,No,No,Steady,No,No,No,No,No,No,Yes,>30,2003-12-31,2004-01-04
143361816,112816980,AfricanAmerican,Female,[70-80),?,2,2,1,8,?,PhysicalMedicineandRehabilitation,33,1,18,0,0,1,V57,428,276,9,None,None,No,No,No,No,No,No,No,No,No,No,No,No,No,No,No,No,No,Steady,No,No,No,No,No,No,Yes,<30,2004-01-03,2004-01-11
144267972,23927787,AfricanAmerican,Male,[70-80),?,1,1,7,5,MC,Cardiology,44,2,29,0,2,0,574,428,414,8,None,None,No,No,No,No,No,No,No,No,No,No,No,No,No,No,No,No,No,Down,No,No,No,No,No,Ch,Yes,<30,2004-01-15,2004-01-20
146035074,77058531,Caucasian,Female,[50-60),?,1,1,7,1,?,?,32,1,5,1,0,1,276,403,496,9,None,None,No,No,No,No,No,No,No,No,No,No,No,No,No,No,No,No,No,No,No,No,No,No,No,No,No,<30,2004-02-07,2004-02-08
146661966,37595970,Caucasian,Female,[70-80),?,2,3,7,4,MC,Emergency/Trauma,55,0,12,0,0,2,276,780,693,9,None,>8,No,No,No,No,No,No,No,No,No,No,No,No,No,No,No,No,No,Up,No,No,No,No,No,Ch,Yes,>30,2004-02-15,2004-02-19
147023478,25148250,AfricanAmerican,Male,[70-80),?,3,1,1,2,?,Surgery-Vascular,29,1,25,0,0,0,440,401,250,4,None,None,No,No,No,No,No,No,No,No,No,Down,No,No,No,No,No,No,No,Steady,No,No,No,No,No,Ch,Yes,>30,2004-02-22,2004-02-24
147839424,83061270,AfricanAmerican,Female,[70-80),?,1,6,7,2,?,?,36,0,12,1,0,0,401,373,250,8,None,None,No,Up,No,No,No,No,No,No,No,No,No,No,No,No,No,No,No,No,No,No,No,No,No,Ch,Yes,>30,2004-03-08,2004-03-10
147873882,93879783,Caucasian,Male,[30-40),?,1,1,1,3,?,?,34,0,10,0,0,0,707,682,272,6,None,None,Steady,No,Steady,No,No,No,No,No,No,No,Steady,No,No,No,No,No,No,No,No,No,No,No,No,Ch,Yes,NO,2004-03-10,2004-03-13
148252728,83754972,Caucasian,Female,[70-80),?,1,1,7,5,UN,Family/GeneralPractice,79,0,10,0,0,0,780,250.02,446,7,None,None,No,No,No,No,No,No,No,No,No,No,No,No,No,No,No,No,No,Up,No,No,No,No,No,Ch,Yes,>30,2004-03-16,2004-03-21
148516782,88652034,Caucasian,Female,[80-90),?,1,3,7,2,MC,?,38,0,12,0,0,0,427,396,438,7,None,None,No,No,No,No,No,No,No,Steady,No,No,No,No,No,No,No,No,No,No,No,No,No,No,No,No,Yes,>30,2004-03-20,2004-03-22
148771104,97577100,Caucasian,Male,[70-80),?,1,1,7,3,MC,?,61,1,15,0,1,0,574,428,427,9,None,None,No,No,No,No,No,No,No,No,No,No,No,No,No,No,No,No,No,No,No,No,No,No,No,No,No,>30,2004-03-25,2004-03-28
148870182,74016756,AfricanAmerican,Male,[50-60),?,1,1,7,5,?,?,46,0,15,0,0,1,780,250,244,6,None,None,No,No,Steady,No,No,No,No,No,No,Up,No,No,No,No,No,No,No,Up,No,No,No,No,No,Ch,Yes,>30,2004-03-26,2004-03-31
149840952,87932628,Caucasian,Male,[70-80),?,5,6,1,1,MC,?,30,0,7,0,0,0,511,427,414,5,None,None,No,No,No,No,No,No,No,No,No,No,Steady,No,No,No,No,No,No,No,No,No,No,No,No,No,Yes,>30,2004-04-14,2004-04-15
150105972,92091249,Caucasian,Female,[80-90),?,3,6,1,6,?,Surgery-Cardiovascular,55,1,33,0,0,0,414,424,441,5,None,None,No,No,No,No,No,No,No,Steady,No,No,No,No,No,No,No,No,No,No,No,No,No,No,No,No,Yes,>30,2004-04-19,2004-04-25
150826224,83144448,Caucasian,Male,[30-40),?,2,1,1,12,CP,Gastroenterology,28,0,19,0,0,1,494,277,117,7,None,None,No,No,No,No,No,No,No,No,No,Steady,No,No,No,No,No,No,No,No,No,No,No,No,No,No,Yes,>30,2004-05-03,2004-05-15
150950004,62436789,Caucasian,Male,[50-60),?,1,1,7,1,?,?,37,0,12,0,0,0,428,493,401,7,None,None,Steady,No,No,No,No,No,No,No,No,No,No,No,No,No,No,No,No,No,No,No,No,No,No,No,Yes,NO,2004-05-05,2004-05-06
151497312,5429349,Caucasian,Male,[70-80),?,1,1,7,7,?,InternalMedicine,52,0,17,0,0,0,453,250.02,599,9,None,None,No,No,No,No,No,No,Up,Steady,No,Steady,No,No,No,No,No,No,No,Steady,No,No,No,No,No,Ch,Yes,NO,2004-05-15,2004-05-22
151614840,85386645,Caucasian,Female,[70-80),?,1,1,7,3,MC,?,35,0,18,0,1,0,780,496,V42,6,None,None,No,No,No,No,No,No,No,No,No,No,No,No,No,No,No,No,No,No,No,No,No,No,No,No,No,NO,2004-05-18,2004-05-21
152162196,35186508,Caucasian,Female,[60-70),?,1,6,7,6,?,?,45,1,7,0,0,1,996,421,38,9,None,None,No,No,No,No,No,No,No,No,No,No,No,No,No,No,No,No,No,Steady,No,No,No,No,No,No,Yes,>30,2004-05-29,2004-06-04
152219256,24984423,AfricanAmerican,Female,[80-90),?,1,3,7,6,MC,Family/GeneralPractice,47,0,10,0,3,4,584,250.42,403,7,None,None,No,No,No,No,No,No,Steady,No,No,Steady,No,No,No,No,No,No,No,Steady,No,No,No,No,No,Ch,Yes,NO,2004-05-30,2004-06-05
152293500,11122569,?,Male,[80-90),[50-75),1,5,6,6,MC,?,77,0,10,0,0,0,434,401,424,9,None,None,No,No,No,No,No,No,No,No,No,No,No,No,No,No,No,No,No,No,No,No,No,No,No,No,No,>30,2004-06-01,2004-06-07
152509218,38098881,Caucasian,Male,[70-80),?,1,1,7,2,CM,?,1,3,6,0,0,0,786,202,401,8,None,None,No,No,No,No,No,No,No,No,No,No,No,No,No,No,No,No,No,No,No,No,No,No,No,No,No,NO,2004-06-05,2004-06-07
152588748,41814369,Caucasian,Male,[70-80),?,3,1,1,1,MC,Cardiology,32,4,4,0,0,1,414,443,250,4,None,None,No,No,No,No,No,No,No,No,No,No,No,No,No,No,No,No,No,No,No,No,No,No,No,No,No,>30,2004-06-07,2004-06-08
152631090,43767522,Caucasian,Female,[60-70),?,3,6,1,5,SP,Cardiology,62,6,42,0,0,0,414,411,250.01,6,None,None,No,No,No,No,No,No,No,No,No,Steady,No,No,No,No,No,No,No,Up,No,No,No,No,No,Ch,Yes,>30,2004-06-08,2004-06-13
152894478,104393871,Caucasian,Male,[80-90),[75-100),1,1,7,4,MC,?,72,2,16,0,0,0,427,427,486,9,None,None,No,No,No,No,No,No,No,Down,No,No,No,No,No,No,No,No,No,No,No,No,No,No,No,Ch,Yes,>30,2004-06-13,2004-06-17
153046722,43332093,Caucasian,Male,[50-60),?,1,6,7,7,SP,?,45,0,11,1,0,5,428,305,424,8,None,None,No,No,No,No,No,No,No,Steady,No,No,No,No,No,No,No,No,No,No,No,No,No,No,No,No,Yes,<30,2004-06-16,2004-06-23
153636534,58327686,Caucasian,Male,[80-90),?,2,1,1,8,?,Cardiology,42,3,12,1,0,0,404,584,428,9,None,None,No,No,No,No,No,No,Steady,No,No,No,No,No,No,No,No,No,No,Steady,No,No,No,No,No,Ch,Yes,NO,2004-06-28,2004-07-06
153680274,43650189,Caucasian,Male,[20-30),?,3,1,1,2,UN,?,64,0,7,0,0,0,250,276,272,4,None,>8,Steady,No,No,No,Steady,No,No,No,No,No,No,No,No,No,No,No,No,Up,No,No,No,No,No,Ch,Yes,<30,2004-06-29,2004-07-01
154692924,24478308,AfricanAmerican,Female,[80-90),?,2,1,1,11,MC,Nephrology,52,1,15,0,0,0,428,790,486,9,None,None,No,No,Steady,No,No,No,No,No,No,No,No,No,No,No,No,No,No,Steady,No,No,No,No,No,Ch,Yes,NO,2004-07-21,2004-08-01
154780590,73293417,Caucasian,Female,[60-70),?,1,1,7,3,MC,?,58,1,19,0,0,0,435,272,244,9,None,None,Steady,No,No,No,No,No,No,No,No,No,Steady,No,No,No,No,No,No,No,No,No,No,No,No,Ch,Yes,>30,2004-07-25,2004-07-28
155288394,84509496,Caucasian,Female,[30-40),?,2,1,1,4,CP,?,70,0,11,0,0,0,682,403,V45,9,None,None,No,No,No,No,No,No,No,No,No,No,No,No,No,No,No,No,No,No,No,No,No,No,No,No,No,>30,2004-08-06,2004-08-10
156434124,24720417,AfricanAmerican,Female,[40-50),?,3,1,1,1,MC,Cardiology,29,4,8,0,0,0,414,413,250,3,None,None,No,No,No,No,No,No,No,No,No,No,No,No,No,No,No,No,No,Up,No,No,No,No,No,Ch,Yes,NO,2004-09-03,2004-09-04
156616620,110372445,Caucasian,Male,[60-70),?,2,6,1,3,?,Cardiology,45,0,18,0,0,0,428,486,276,9,None,None,No,No,No,No,No,No,No,No,No,No,No,No,No,No,No,No,No,Steady,No,No,No,No,No,No,Yes,NO,2004-09-09,2004-09-12
156803070,94355532,Caucasian,Female,[70-80),?,3,22,2,3,SP,Orthopedics,27,2,20,0,0,0,715,424,401,6,None,None,No,No,No,No,No,No,No,No,No,No,Steady,No,No,No,No,No,No,No,No,No,No,No,No,No,Yes,NO,2004-09-12,2004-09-15
156861216,31564629,Caucasian,Male,[50-60),?,3,1,1,3,BC,Surgery-Thoracic,27,5,12,0,0,1,162,250,401,4,None,None,Steady,No,No,No,No,No,Steady,No,No,No,Steady,No,No,No,No,No,No,Down,No,No,No,No,No,Ch,Yes,<30,2004-09-12,2004-09-15
156890682,41699412,Caucasian,Male,[40-50),?,1,6,7,9,MD,?,51,1,25,2,0,5,250.82,707,276,8,None,None,No,No,No,No,No,No,No,No,No,No,No,No,No,No,No,No,No,Up,No,No,No,No,No,Ch,Yes,<30,2004-09-13,2004-09-22
156992256,55987452,Caucasian,Female,[60-70),?,3,6,1,7,?,Cardiology,56,4,32,2,0,0,414,413,401,8,None,None,Steady,No,No,No,No,No,No,No,No,No,No,No,No,No,No,No,No,No,No,No,No,No,No,No,Yes,NO,2004-09-15,2004-09-22
157061310,43521831,Caucasian,Male,[60-70),?,3,1,1,1,MC,Family/GeneralPractice,3,0,7,0,0,0,786,401,250,6,None,None,No,No,No,No,Steady,No,No,No,No,No,No,No,No,No,No,No,No,No,No,No,No,No,No,No,Yes,NO,2004-09-16,2004-09-17
157118904,66509775,Caucasian,Male,[60-70),?,1,1,7,2,?,?,52,0,7,2,0,0,38,486,995,6,None,None,No,No,No,No,No,No,No,No,No,No,No,No,No,No,No,No,No,No,No,No,No,No,No,No,No,>30,2004-09-18,2004-09-20
157870386,61152318,Caucasian,Female,[60-70),?,1,22,7,10,?,?,49,1,22,2,0,0,860,850,807,9,None,None,No,No,No,No,No,No,No,No,No,No,No,No,No,No,No,No,No,No,No,No,No,No,No,No,No,<30,2004-10-04,2004-10-14
158220978,86397057,Caucasian,Female,[80-90),?,1,3,7,6,MC,?,41,0,11,1,0,0,38,599,585,9,None,None,No,No,No,No,No,No,Steady,No,No,Steady,No,No,No,No,No,No,No,No,No,No,No,No,No,Ch,Yes,>30,2004-10-11,2004-10-17
158302332,101866896,Caucasian,Male,[40-50),?,1,15,1,13,?,?,54,1,13,0,0,0,250.11,276,276,8,None,None,No,No,No,No,No,No,No,No,No,No,No,No,No,No,No,No,No,Steady,No,No,No,No,No,No,Yes,NO,2004-10-13,2004-10-26
158335068,25280829,AfricanAmerican,Female,[80-90),?,2,1,4,1,MC,Cardiology,28,6,13,0,0,0,414,411,427,5,None,None,No,No,No,No,No,No,No,No,No,No,No,No,No,No,No,No,No,No,No,No,No,No,No,No,No,NO,2004-10-14,2004-10-15
158373480,88207335,Caucasian,Male,[60-70),?,1,1,7,3,MC,?,30,0,3,0,0,0,486,250,401,7,None,None,No,No,No,No,No,No,No,No,No,No,No,No,No,No,No,No,No,No,No,No,No,No,No,No,No,NO,2004-10-16,2004-10-19
158452398,102878172,Caucasian,Male,[70-80),?,1,2,7,2,MC,InternalMedicine,44,1,20,0,0,2,410,458,427,9,None,Norm,No,No,No,No,No,No,No,No,No,No,No,No,No,No,No,No,No,No,No,No,No,No,No,No,No,NO,2004-10-18,2004-10-20
160607142,25104294,AfricanAmerican,Female,[70-80),?,1,1,7,3,MC,InternalMedicine,43,4,16,0,0,1,428,425,250,5,None,None,Steady,No,No,No,No,No,Steady,No,No,No,No,No,No,No,No,No,No,No,No,No,No,No,No,Ch,Yes,NO,2004-11-25,2004-11-28
160693752,41763726,Caucasian,Female,[50-60),?,1,1,7,2,MC,?,39,0,12,0,0,0,790,276,276,8,None,None,Steady,No,No,No,No,No,No,No,No,No,Steady,No,No,No,No,No,No,No,No,No,No,No,No,Ch,Yes,NO,2004-11-27,2004-11-29
161119416,100396764,Caucasian,Female,[90-100),?,1,6,7,10,MC,?,67,1,17,0,0,0,562,511,707,9,None,None,No,No,No,No,No,No,No,No,No,No,No,No,No,No,No,No,No,No,No,No,No,No,No,No,No,NO,2004-12-05,2004-12-15
161600778,88495461,Caucasian,Female,[70-80),?,2,1,7,3,MC,Emergency/Trauma,45,0,18,0,0,1,780,401,272,9,None,None,Steady,No,No,No,No,No,No,No,No,No,No,No,No,No,No,No,No,Steady,No,No,No,No,No,Ch,Yes,<30,2004-12-12,2004-12-15
161692104,2143962,Caucasian,Male,[60-70),?,2,6,7,2,?,?,62,1,17,0,2,2,789,403,584,9,None,None,No,No,No,No,No,No,No,No,No,No,No,No,No,No,No,No,No,Steady,No,No,No,No,No,No,Yes,<30,2004-12-15,2004-12-17
162375390,86207256,Caucasian,Female,[80-90),?,1,3,7,9,MC,?,43,0,18,0,0,0,486,799,428,9,None,None,No,No,No,No,No,No,No,No,No,No,No,No,No,No,No,No,No,No,No,No,No,No,No,No,No,>30,2004-12-24,2005-01-02
162658824,62732466,AfricanAmerican,Female,[60-70),?,1,6,7,7,?,?,61,0,6,0,0,1,250.8,414,294,5,None,Norm,No,No,No,No,No,No,No,No,No,No,No,No,No,No,No,No,No,No,No,No,No,No,No,No,No,>30,2004-12-28,2005-01-04
163167540,22904091,Caucasian,Female,[70-80),?,2,3,7,12,?,?,78,3,18,0,0,1,428,511,486,9,None,None,No,No,No,No,No,No,No,No,No,No,No,No,No,No,No,No,No,Steady,No,No,No,No,No,No,Yes,<30,2005-01-07,2005-01-19
163282650,59568048,Hispanic,Female,[30-40),?,3,1,1,1,MD,ObstetricsandGynecology,35,0,7,0,0,0,644,648,659,4,None,None,No,No,No,No,No,No,No,Steady,No,No,No,No,No,No,No,No,No,No,No,No,No,No,No,No,Yes,NO,2005-01-08,2005-01-09
163394646,86305914,Caucasian,Female,[20-30),?,5,1,1,2,MD,?,1,0,11,1,0,1,250.13,276,465,9,None,None,Steady,No,No,No,No,No,No,No,No,No,Steady,No,No,No,No,No,No,Up,No,No,No,No,No,Ch,Yes,>30,2005-01-09,2005-01-11
163691994,80625402,Caucasian,Female,[80-90),[75-100),3,3,1,4,MC,Surgery-General,30,1,25,0,0,0,715,401,250,9,None,None,No,No,No,No,No,No,No,No,No,No,No,No,No,No,No,No,No,No,No,No,No,No,No,No,No,NO,2005-01-16,2005-01-20
163756218,84467700,Caucasian,Male,[10-20),?,1,1,7,3,BC,InternalMedicine,55,0,8,0,0,0,250.11,276,276,3,None,None,No,No,No,No,No,No,No,No,No,No,No,No,No,No,No,No,No,Up,No,No,No,No,No,Ch,Yes,NO,2005-01-18,2005-01-21
163950000,59009265,AfricanAmerican,Male,[10-20),?,1,1,7,2,DM,?,13,0,3,0,0,2,250.13,276,787,4,None,Norm,No,No,No,No,No,No,No,No,No,No,No,No,No,No,No,No,No,Down,No,No,No,No,No,Ch,Yes,NO,2005-01-20,2005-01-22
163978050,108356661,Caucasian,Female,[80-90),?,1,3,7,4,MC,?,40,0,16,0,0,1,786,346,437,9,None,>7,No,No,No,No,No,No,No,No,No,No,No,No,No,No,No,No,No,Steady,No,No,No,No,No,No,Yes,>30,2005-01-21,2005-01-25
164334174,93571173,AfricanAmerican,Female,[50-60),?,1,6,7,13,?,?,44,3,34,2,0,0,250.82,730,707,9,None,Norm,No,No,No,No,No,No,No,No,No,No,No,No,No,No,No,No,No,Down,No,No,No,No,No,Ch,Yes,<30,2005-01-27,2005-02-09
164475138,52078626,Caucasian,Male,[50-60),?,1,1,7,7,MD,?,51,5,24,0,0,0,410,428,427,7,None,None,No,No,No,No,No,No,No,No,No,No,No,No,No,No,No,No,No,Steady,No,No,No,No,No,No,Yes,>30,2005-01-29,2005-02-05
164989662,68670450,Caucasian,Male,[50-60),[100-125),1,1,7,3,UN,InternalMedicine,41,0,15,3,0,2,593,276,401,9,None,None,No,No,No,No,No,No,No,No,No,No,No,No,No,No,No,No,No,No,No,No,No,No,No,No,No,<30,2005-02-07,2005-02-10
165280002,95256684,Caucasian,Male,[60-70),?,2,1,7,7,MC,Emergency/Trauma,61,1,9,0,0,1,567,996,569,8,None,None,No,No,No,No,No,No,No,No,No,No,No,No,No,No,No,No,No,No,No,No,No,No,No,No,No,NO,2005-02-13,2005-02-20
165610614,78757002,Caucasian,Male,[70-80),?,2,22,7,6,?,InternalMedicine,45,1,16,3,0,0,438,155,707,9,None,None,No,No,No,No,No,No,No,No,No,No,No,No,No,No,No,No,No,No,No,No,No,No,No,No,No,NO,2005-02-19,2005-02-25
166399452,54482301,AfricanAmerican,Female,[60-70),?,3,6,1,8,CM,?,45,1,24,1,0,0,998,250.01,272,9,None,None,No,No,No,No,No,No,No,No,No,No,No,No,No,No,No,No,No,Down,No,No,No,No,No,Ch,Yes,<30,2005-03-07,2005-03-15
166549284,81007857,Caucasian,Male,[60-70),?,1,6,7,5,MC,?,33,0,18,0,0,1,486,428,427,9,None,None,Down,No,No,No,Steady,No,No,No,No,Steady,No,No,No,No,No,No,No,Steady,No,No,No,No,No,Ch,Yes,>30,2005-03-10,2005-03-15
166887504,41984613,Caucasian,Female,[90-100),?,1,1,7,4,MC,?,55,0,14,0,0,0,590,276,427,9,None,None,No,No,No,No,No,No,No,Steady,No,No,No,No,No,No,No,No,No,No,No,No,No,No,No,No,Yes,>30,2005-03-17,2005-03-21
166888278,83558331,Caucasian,Female,[80-90),?,1,6,7,6,?,?,55,0,26,3,0,1,490,428,276,9,None,None,No,No,No,No,No,No,No,No,No,No,No,No,No,No,No,No,No,No,No,No,No,No,No,No,No,>30,2005-03-18,2005-03-24
166976052,28580022,Caucasian,Male,[50-60),?,2,1,7,8,UN,Surgery-General,63,1,7,0,0,0,434,780,250.8,6,None,None,No,No,No,No,No,No,Steady,No,No,No,No,No,No,No,No,No,No,Down,Steady,No,No,No,No,Ch,Yes,NO,2005-03-19,2005-03-27
166977498,46387872,Caucasian,Female,[50-60),?,1,1,1,1,BC,?,31,0,9,2,0,0,434,435,780,6,None,None,Steady,No,No,No,Steady,No,No,No,No,No,Steady,No,No,No,No,No,No,No,No,No,No,No,No,Ch,Yes,>30,2005-03-19,2005-03-20
167353710,24197877,Caucasian,Male,[80-90),?,1,3,7,5,MC,InternalMedicine,50,0,26,0,0,0,486,453,255,5,None,None,No,No,No,No,Up,No,No,No,No,No,No,No,No,No,No,No,No,Up,No,No,No,No,No,Ch,Yes,<30,2005-03-24,2005-03-29
167747724,29368215,Other,Female,[60-70),?,2,11,1,9,?,Oncology,50,0,27,0,0,1,162,518,276,7,None,None,No,No,No,No,No,No,No,No,No,No,No,No,No,No,No,No,No,No,No,No,No,No,No,No,No,NO,2005-04-02,2005-04-11
168280956,59482989,Caucasian,Female,[50-60),?,3,1,1,3,MD,ObstetricsandGynecology,9,3,20,0,0,0,620,614,401,4,None,None,Steady,No,No,No,No,No,No,No,No,No,No,No,No,No,No,No,No,Steady,No,No,No,No,No,Ch,Yes,NO,2005-04-09,2005-04-12
168910284,61086492,AfricanAmerican,Female,[70-80),?,1,1,1,2,?,?,37,0,5,1,0,1,723,428,401,9,None,None,No,No,No,No,No,No,No,No,No,No,No,No,No,No,No,No,No,No,No,No,No,No,No,No,No,>30,2005-04-19,2005-04-21
168911754,45884421,Caucasian,Male,[50-60),?,2,1,2,5,?,Nephrology,4,3,15,0,0,0,403,585,70,9,None,None,No,No,No,No,No,No,No,No,No,No,No,No,No,No,No,No,No,Down,No,No,No,No,No,Ch,Yes,>30,2005-04-19,2005-04-24
169687242,59812695,Caucasian,Male,[50-60),?,1,1,7,1,PO,?,8,0,10,0,0,0,786,305,493,9,None,None,No,No,No,No,No,No,No,No,No,No,Steady,No,No,No,No,No,No,Steady,No,No,No,No,No,Ch,Yes,NO,2005-05-03,2005-05-04
169937802,72242442,Caucasian,Female,[50-60),?,6,1,17,3,?,Family/GeneralPractice,43,0,28,0,0,1,435,403,786,9,None,None,No,No,No,No,No,No,Steady,No,No,Steady,No,No,No,No,No,No,No,Steady,No,No,No,No,No,Ch,Yes,NO,2005-05-06,2005-05-09
170328306,65634327,Caucasian,Male,[50-60),?,1,1,1,1,HM,?,20,0,7,0,0,0,780,427,E941,8,None,None,Steady,No,No,No,No,No,No,No,No,No,No,No,No,No,No,No,No,No,No,No,No,No,No,No,Yes,NO,2005-05-13,2005-05-14
171023430,55245636,Caucasian,Female,[50-60),?,3,1,1,4,CP,Family/GeneralPractice,62,0,11,0,0,0,275,591,401,7,None,None,Steady,No,No,No,No,No,No,No,No,No,No,No,No,No,No,No,No,No,No,No,No,No,No,No,Yes,>30,2005-05-23,2005-05-27
171284832,107120070,Caucasian,Female,[50-60),?,5,3,1,3,HM,?,59,2,27,3,0,0,715,300,401,4,None,None,Steady,No,No,No,No,No,No,No,No,No,No,No,No,No,No,No,No,Up,No,No,No,No,No,Ch,Yes,NO,2005-05-29,2005-06-01
171620040,83450277,AfricanAmerican,Male,[40-50),?,3,1,1,4,?,Urology,51,2,20,0,0,0,185,42,573,6,None,None,No,No,No,No,No,No,No,No,No,No,No,No,No,No,No,No,No,No,No,No,No,No,No,No,No,NO,2005-06-03,2005-06-07
171974916,81247797,Caucasian,Female,[80-90),?,1,3,7,5,MC,?,56,1,19,0,0,0,507,599,250.82,9,None,Norm,No,No,No,No,No,No,No,No,No,No,No,No,No,No,No,No,No,Steady,No,No,No,No,No,No,Yes,>30,2005-06-10,2005-06-15
173292900,92088558,Caucasian,Female,[70-80),?,2,3,7,3,MC,Emergency/Trauma,1,1,4,0,0,0,822,599,916,7,None,None,No,No,No,No,No,No,No,No,No,No,No,No,No,No,No,No,No,No,No,No,No,No,No,No,No,NO,2005-06-30,2005-07-03
173727906,113339475,Caucasian,Male,[40-50),?,6,1,17,5,?,Family/GeneralPractice,95,6,14,0,0,0,250.11,584,305,9,None,>8,No,No,No,No,No,No,No,No,No,No,No,No,No,No,No,No,No,Steady,No,No,No,No,No,No,Yes,NO,2005-07-07,2005-07-12
174277236,38539593,AfricanAmerican,Female,[60-70),?,2,1,7,7,SP,Emergency/Trauma,1,6,11,0,2,2,458,780,250.6,9,None,None,Steady,No,No,No,No,No,No,No,No,No,Steady,No,No,No,No,No,No,No,No,No,No,No,No,Ch,Yes,>30,2005-07-15,2005-07-22
175164420,25414587,Caucasian,Female,[40-50),?,3,1,1,1,BC,Orthopedics-Reconstructive,26,6,20,0,0,0,726,726,716,6,None,None,No,No,No,No,No,No,No,No,No,No,No,No,No,No,No,No,No,No,No,No,No,No,No,No,No,NO,2005-07-30,2005-07-31
175344672,89575344,AfricanAmerican,Male,[60-70),?,1,1,7,1,MC,?,42,0,10,0,0,0,453,V42,707,7,None,None,No,No,No,No,No,No,No,No,No,Steady,No,No,No,No,No,No,No,No,No,No,No,No,No,No,Yes,<30,2005-08-02,2005-08-03
175408182,57951099,?,Male,[80-90),?,3,6,4,13,MC,?,60,0,15,0,0,0,V57,348,736,9,None,Norm,No,No,No,No,No,No,No,No,No,No,No,No,No,No,No,No,No,No,No,No,No,No,No,No,No,NO,2005-08-03,2005-08-16
176140632,75693852,Caucasian,Female,[40-50),[75-100),2,1,1,1,DM,?,53,3,13,4,1,1,794,786,250,8,None,None,No,No,No,No,No,No,No,No,No,No,No,No,No,No,No,No,No,No,No,No,No,No,No,No,No,NO,2005-08-14,2005-08-15
176535504,91105749,Caucasian,Male,[80-90),?,5,1,1,3,MC,?,69,0,14,5,0,0,486,427,425,9,None,>7,No,No,No,No,No,No,No,No,No,No,No,No,No,No,No,No,No,Up,No,No,No,No,No,Ch,Yes,>30,2005-08-18,2005-08-21
177220152,63068355,Caucasian,Female,[70-80),?,6,14,7,6,?,InternalMedicine,75,0,5,0,0,2,415,453,780,6,>200,None,No,No,No,No,No,No,No,No,No,No,No,No,No,No,No,No,No,No,No,No,No,No,No,No,No,<30,2005-08-26,2005-09-01
178804056,75969045,Caucasian,Female,[80-90),[100-125),1,1,7,4,MC,?,55,1,15,0,1,0,789,786,396,9,None,>7,No,No,No,No,No,No,No,Steady,No,No,No,No,No,No,No,No,No,No,No,No,No,No,No,No,Yes,NO,2005-09-16,2005-09-20
178816932,70783191,Caucasian,Female,[80-90),?,2,1,7,2,?,?,69,0,9,0,1,0,486,799,414,9,None,None,No,No,No,No,Steady,No,No,No,No,No,No,No,No,No,No,No,No,No,No,No,No,No,No,No,Yes,<30,2005-09-16,2005-09-18
179123118,71318610,Caucasian,Male,[80-90),?,1,11,7,4,MC,?,51,2,18,6,0,1,38,584,250.82,9,None,None,No,No,No,No,No,No,No,Steady,No,No,No,No,No,No,No,No,No,Steady,No,No,No,No,No,Ch,Yes,NO,2005-09-19,2005-09-23
179561502,93226005,Caucasian,Female,[70-80),?,5,3,1,9,MC,?,48,1,24,8,1,1,531,427,276,9,None,None,Steady,No,No,No,No,No,No,No,No,No,No,No,No,No,No,No,No,Up,No,No,No,No,No,Ch,Yes,NO,2005-09-25,2005-10-04
179752224,58780422,Caucasian,Male,[50-60),?,1,1,7,4,PO,?,76,0,13,0,0,0,276,571,303,9,None,None,No,No,No,No,No,No,No,No,No,No,No,No,No,No,No,No,No,Steady,No,No,No,No,No,No,Yes,NO,2005-09-27,2005-10-01
180080946,42410034,AfricanAmerican,Female,[70-80),?,3,1,1,4,MC,Ophthalmology,33,1,21,0,0,0,715,250,401,4,None,None,Steady,No,No,No,No,No,No,No,No,No,No,No,No,No,No,No,No,No,No,No,No,No,No,No,Yes,>30,2005-10-03,2005-10-07
180256938,43698726,Caucasian,Male,[70-80),?,1,1,7,8,MC,?,70,0,29,0,0,0,486,427,428,8,None,>7,Steady,No,Steady,No,No,No,No,No,No,Steady,No,No,No,No,No,No,No,Down,No,No,No,No,No,Ch,Yes,>30,2005-10-04,2005-10-12
181613436,73039977,Caucasian,Female,[80-90),?,2,3,5,2,?,?,47,4,15,0,1,0,458,515,518,9,None,None,No,No,No,No,No,No,No,No,No,No,Steady,No,No,No,No,No,No,Steady,No,No,No,No,No,Ch,Yes,>30,2005-10-17,2005-10-19
183802668,103203405,Caucasian,Female,[50-60),?,3,1,1,1,HM,?,20,1,7,0,0,0,241,250,401,3,None,None,No,No,No,No,No,No,No,No,No,No,Steady,No,No,No,No,No,No,No,No,No,No,No,No,No,Yes,NO,2005-11-08,2005-11-09
184575426,93451194,Caucasian,Male,[40-50),?,1,1,7,5,HM,?,53,6,25,0,0,0,410,496,428,8,None,>8,No,No,No,No,No,No,No,No,No,No,No,No,No,No,No,No,No,No,No,No,No,No,No,No,No,>30,2005-11-15,2005-11-20
185541408,95262543,Caucasian,Female,[80-90),?,1,6,1,1,MC,?,30,0,9,1,0,0,276,427,428,8,None,None,No,No,No,No,No,No,No,No,No,No,No,No,No,No,No,No,No,No,No,No,No,No,No,No,No,NO,2005-11-26,2005-11-27
185591538,60141609,Caucasian,Female,[50-60),?,1,1,7,2,MD,?,1,0,2,0,0,0,357,266,300,9,None,None,No,No,No,No,No,No,No,No,No,No,No,No,No,No,No,No,No,No,No,No,No,No,No,No,No,>30,2005-11-27,2005-11-29
186233586,40359852,Caucasian,Female,[70-80),?,3,1,1,4,SP,Cardiology,46,2,41,0,0,0,433,428,250,6,None,None,Steady,No,No,No,Steady,No,No,No,No,No,No,No,No,No,No,No,No,Down,No,No,No,No,No,Ch,Yes,NO,2005-12-02,2005-12-06
186553146,91092879,Caucasian,Female,[20-30),?,1,1,7,4,DM,?,44,0,15,0,2,0,250.01,426,295,7,None,None,No,No,No,No,No,No,No,No,No,No,No,No,No,No,No,No,No,Up,No,No,No,No,No,Ch,Yes,<30,2005-12-04,2005-12-08
187599636,60152733,Caucasian,Female,[40-50),?,1,1,7,4,PO,?,37,1,9,0,0,0,340,401,250,3,None,Norm,Up,No,No,No,No,No,No,No,No,No,No,No,No,No,No,No,No,Steady,No,No,No,No,No,Ch,Yes,NO,2005-12-12,2005-12-16
189541728,48308400,Caucasian,Male,[40-50),?,5,1,1,2,HM,?,58,0,9,5,1,0,250.1,244,?,2,None,>8,No,No,No,No,No,No,No,No,No,No,No,No,No,No,No,No,No,Down,No,No,No,No,No,Ch,Yes,<30,2005-12-26,2005-12-28
190497138,90780462,Caucasian,Female,[50-60),?,1,2,7,2,HM,?,57,0,7,0,0,0,997,560,E878,8,None,None,No,No,No,No,No,No,No,No,No,No,No,No,No,No,No,No,No,No,No,No,No,No,No,No,No,NO,2006-01-04,2006-01-06
195515082,95285079,Caucasian,Male,[70-80),?,1,2,7,5,MC,Emergency/Trauma,51,3,18,0,0,0,428,496,414,9,None,None,No,No,No,No,No,No,No,No,No,No,No,No,No,No,No,No,No,Up,No,No,No,No,No,Ch,Yes,<30,2006-02-08,2006-02-13
196118844,69996636,AfricanAmerican,Female,[60-70),?,1,1,7,2,CP,?,41,0,9,0,0,0,434,437,250,8,None,>8,Steady,No,No,No,No,No,Up,Steady,No,No,No,No,No,No,No,No,No,No,No,No,No,No,No,Ch,Yes,NO,2006-02-14,2006-02-16
197466264,85007511,Caucasian,Male,[70-80),?,2,1,1,3,HM,?,47,0,12,0,0,0,682,250,401,5,None,None,No,No,No,No,No,No,No,No,No,No,No,No,No,No,No,No,No,No,No,No,No,No,No,No,No,>30,2006-02-22,2006-02-25
197618862,59777676,Hispanic,Female,[20-30),?,3,1,1,3,MD,?,36,1,16,3,0,0,658,648,250.02,6,None,None,No,No,No,No,No,No,No,No,No,No,No,No,No,No,No,No,No,Down,No,No,No,No,No,Ch,Yes,>30,2006-02-23,2006-02-26
199218630,84651822,Caucasian,Male,[60-70),?,1,1,7,6,HM,?,48,0,19,1,0,1,493,518,401,8,None,None,No,No,No,No,No,No,No,No,No,No,No,No,No,No,No,No,No,No,No,No,No,No,No,No,No,>30,2006-03-06,2006-03-12
200044230,60203502,Caucasian,Male,[40-50),?,3,1,1,7,MD,?,72,0,19,0,1,0,780,305,305,9,None,None,No,No,No,No,No,No,No,No,No,No,No,No,No,No,No,No,No,Down,No,No,No,No,No,Ch,Yes,NO,2006-03-11,2006-03-18
200223666,41312052,Caucasian,Female,[60-70),?,3,3,1,11,MC,?,57,1,29,0,0,2,38,599,250.92,9,None,None,No,No,No,No,No,No,No,No,No,No,No,No,No,No,No,No,No,Down,No,No,No,No,No,Ch,Yes,NO,2006-03-12,2006-03-23
200533716,97802892,Caucasian,Male,[80-90),?,1,6,7,5,MC,?,35,0,29,0,0,4,38,250.02,428,9,None,None,No,No,No,No,No,No,No,No,No,No,No,No,No,No,No,No,No,Down,No,No,No,No,No,Ch,Yes,>30,2006-03-15,2006-03-20
201913116,44265690,Caucasian,Female,[90-100),?,1,11,7,6,MD,?,50,0,25,0,0,0,486,427,428,6,None,None,No,No,No,No,No,No,No,No,No,Steady,No,No,No,No,No,No,No,Down,No,No,No,No,No,Ch,Yes,NO,2006-03-25,2006-03-31
202389156,4407372,Caucasian,Male,[60-70),?,2,1,7,5,?,?,48,6,29,0,0,0,435,427,433,9,None,>7,Up,No,No,No,No,No,No,No,No,No,No,No,No,No,No,No,No,Up,No,No,No,No,No,Ch,Yes,NO,2006-03-27,2006-04-01
203211798,62844660,AfricanAmerican,Male,[20-30),?,1,1,7,2,?,InternalMedicine,77,0,15,0,0,0,250.6,780,296,7,None,>8,No,No,No,No,No,No,No,No,No,No,No,No,No,No,No,No,No,Up,No,No,No,No,No,Ch,Yes,>30,2006-04-02,2006-04-04
205350042,42364764,Asian,Female,[70-80),?,2,1,7,2,MD,Emergency/Trauma,59,2,6,0,0,0,935,287,197,9,None,Norm,No,No,No,No,No,No,No,No,No,No,No,No,No,No,No,No,No,Steady,No,No,No,No,No,No,Yes,NO,2006-04-16,2006-04-18
205430052,103517577,Caucasian,Male,[80-90),?,1,1,7,4,MC,?,47,1,14,0,0,1,560,496,414,9,None,None,No,No,No,No,No,No,No,No,No,No,No,No,No,No,No,No,No,Steady,No,No,No,No,No,No,Yes,>30,2006-04-17,2006-04-21
211927350,32426352,Caucasian,Female,[90-100),?,1,1,7,4,MC,Emergency/Trauma,67,0,13,0,0,3,414,413,428,9,None,None,No,No,No,No,Steady,No,No,No,No,No,No,No,No,No,No,No,No,No,No,No,No,No,No,No,Yes,>30,2006-06-03,2006-06-07
212885844,99912969,Other,Female,[60-70),?,3,6,7,4,MD,Emergency/Trauma,58,0,18,3,0,1,599,790,428,9,None,None,No,No,No,No,Steady,No,No,No,No,No,No,Steady,No,No,No,No,No,Down,No,No,No,No,No,Ch,Yes,NO,2006-06-10,2006-06-14
213204036,69606603,Caucasian,Female,[60-70),?,1,1,7,1,HM,?,2,0,7,0,0,0,584,276,401,7,None,None,No,No,No,No,No,No,No,No,No,No,No,No,No,No,No,No,No,Steady,No,No,No,No,No,No,Yes,NO,2006-06-11,2006-06-12
213280536,60503625,AfricanAmerican,Male,[20-30),?,1,1,7,1,OG,?,57,0,8,0,0,0,250.12,401,276,9,None,Norm,No,No,No,No,No,No,No,No,No,No,No,No,No,No,No,No,No,Down,No,No,No,No,No,Ch,Yes,>30,2006-06-12,2006-06-13
214277418,41374926,Caucasian,Male,[60-70),?,1,1,7,3,MC,?,26,0,16,0,0,0,491,V46,250,9,None,None,No,No,No,No,No,No,No,No,No,No,No,No,No,No,No,No,No,Steady,No,No,No,No,No,No,Yes,>30,2006-06-19,2006-06-22
214404768,75030426,Caucasian,Male,[70-80),?,1,1,7,2,MC,?,20,0,16,0,0,0,584,491,276,9,None,None,No,No,No,No,No,No,Steady,No,No,No,No,No,No,No,No,No,No,Steady,No,No,No,No,No,Ch,Yes,NO,2006-06-20,2006-06-22
214407306,43844661,Caucasian,Female,[80-90),?,1,3,7,2,MD,?,39,1,6,0,0,0,531,285,496,9,None,None,No,No,No,No,No,No,No,No,No,No,No,No,No,No,No,No,No,No,No,No,No,No,No,No,No,>30,2006-06-20,2006-06-22
214498920,82240389,Caucasian,Female,[80-90),?,1,3,7,6,MC,InternalMedicine,71,0,15,0,0,2,428,599,446,9,None,>7,Steady,No,No,No,No,No,No,No,No,No,No,No,No,No,No,No,No,No,No,No,No,No,No,No,Yes,NO,2006-06-20,2006-06-26
215643486,86033223,Caucasian,Female,[20-30),?,1,1,7,2,CP,?,41,0,4,1,0,1,577,276,250,5,None,>8,No,No,No,No,No,No,No,No,No,No,No,No,No,No,No,No,No,No,No,No,No,No,No,No,No,>30,2006-07-01,2006-07-03
216354252,88794180,Caucasian,Female,[50-60),?,1,6,7,5,HM,?,57,0,17,0,0,0,38,599,276,9,None,None,No,No,No,No,No,No,No,No,No,No,No,No,No,No,No,No,No,No,No,No,No,No,No,No,No,>30,2006-07-05,2006-07-10
217000770,89039250,Caucasian,Female,[50-60),?,1,1,7,1,CM,?,38,3,13,0,1,1,786,428,250,9,None,None,No,No,No,No,No,No,No,No,No,No,No,No,No,No,No,No,No,No,No,No,No,No,No,No,No,>30,2006-07-11,2006-07-12
219211296,84884652,AfricanAmerican,Female,[50-60),?,1,1,7,4,OG,?,58,0,14,1,0,1,486,250.02,276,9,None,>8,Up,No,No,No,No,No,Steady,No,No,No,No,No,No,No,No,No,No,Steady,No,No,No,No,No,Ch,Yes,>30,2006-07-26,2006-07-30
222352926,97288263,Caucasian,Male,[90-100),?,3,22,1,2,MC,Surgery-General,1,1,6,0,0,0,250.7,785,443,9,None,None,No,No,No,No,No,No,No,No,No,No,No,No,No,No,No,No,No,No,No,No,No,No,No,No,No,<30,2006-08-24,2006-08-26
222663402,86335110,?,Female,[70-80),?,1,6,7,1,MD,?,49,1,9,3,0,0,414,413,585,9,None,None,No,No,No,No,No,No,No,No,No,No,No,No,No,No,No,No,No,Steady,No,No,No,No,No,No,Yes,>30,2006-08-26,2006-08-27
225442878,40083534,Caucasian,Female,[50-60),?,2,1,7,3,SP,Emergency/Trauma,47,4,14,0,1,1,410,414,V45,8,None,None,Steady,No,No,No,No,No,No,No,No,No,No,No,No,No,No,No,No,Up,No,No,No,No,No,Ch,Yes,>30,2006-09-17,2006-09-20
226012326,93016602,AfricanAmerican,Male,[40-50),?,1,1,7,2,CP,?,12,0,7,0,5,0,250.1,272,401,4,None,None,No,No,No,No,No,No,No,No,No,No,No,No,No,No,No,No,No,No,No,No,No,No,No,No,No,>30,2006-09-22,2006-09-24
227510928,41456448,Caucasian,Female,[60-70),?,1,6,7,10,SP,?,54,0,18,0,0,3,997,560,E878,6,None,None,Steady,No,No,No,No,No,No,No,No,No,No,No,No,No,No,No,No,Down,No,No,No,No,No,Ch,Yes,NO,2006-10-02,2006-10-12
228274710,42550785,Caucasian,Female,[40-50),?,1,1,7,9,SP,?,32,0,16,0,3,4,705,428,682,8,None,None,No,No,No,No,No,No,No,No,No,Steady,No,No,No,No,No,No,No,Up,No,No,No,No,No,Ch,Yes,>30,2006-10-07,2006-10-16
229204380,2200428,Caucasian,Female,[70-80),?,3,1,1,1,?,?,18,6,15,0,0,0,414,427,427,8,None,None,No,No,No,No,No,No,No,No,No,No,Steady,No,No,No,No,No,No,Steady,No,No,No,No,No,Ch,Yes,>30,2006-10-13,2006-10-14
229483878,35342928,Caucasian,Female,[50-60),?,2,1,7,4,SP,Emergency/Trauma,36,3,16,0,0,0,427,427,401,6,None,None,No,No,No,No,No,No,No,No,No,No,No,No,No,No,No,No,No,No,Steady,No,No,No,No,No,Yes,NO,2006-10-15,2006-10-19
229518624,80111286,Caucasian,Male,[80-90),?,2,13,1,5,MC,Gastroenterology,42,1,13,0,1,3,162,478,496,9,None,None,No,No,No,No,No,No,No,No,No,No,No,No,No,No,No,No,No,No,No,No,No,No,No,No,No,NO,2006-10-15,2006-10-20
229828308,92404449,Caucasian,Female,[70-80),?,3,1,7,10,MC,Surgery-General,56,6,26,0,0,0,996,38,995,9,None,None,No,No,No,No,No,No,No,No,No,Steady,No,No,No,No,No,No,No,Down,No,No,No,No,No,Ch,Yes,<30,2006-10-18,2006-10-28
230103804,57178674,Caucasian,Female,[60-70),?,1,1,7,1,MC,?,9,0,9,0,0,0,434,250.02,276,9,None,None,No,No,No,No,No,No,No,No,No,No,No,No,No,No,No,No,No,Steady,No,No,No,No,No,No,Yes,>30,2006-10-21,2006-10-22
230243550,38372283,Caucasian,Female,[60-70),?,1,1,7,6,MC,?,63,3,22,1,0,0,574,577,560,9,None,None,No,No,No,No,No,No,No,No,No,No,No,No,No,No,No,No,No,No,No,No,No,No,No,No,No,NO,2006-10-22,2006-10-28
230589036,67437909,AfricanAmerican,Female,[30-40),?,2,1,1,3,BC,?,38,2,6,0,0,0,278,V85,401,8,None,>7,No,No,No,No,No,No,No,No,No,Steady,No,No,No,No,No,No,No,No,No,No,No,No,No,No,Yes,NO,2006-10-25,2006-10-28
231439956,85997574,AfricanAmerican,Male,[80-90),?,1,1,7,2,CM,?,51,0,8,2,0,0,780,414,414,9,None,None,No,No,No,No,No,No,No,No,No,No,Steady,No,No,No,No,No,No,Steady,Steady,No,No,No,No,Ch,Yes,>30,2006-11-02,2006-11-04
231958728,96235308,Caucasian,Male,[50-60),?,1,1,7,5,BC,?,59,2,14,1,0,0,790,424,522,8,None,None,Steady,No,No,No,No,No,Steady,No,No,No,No,No,No,No,No,No,No,No,No,No,No,No,No,Ch,Yes,NO,2006-11-04,2006-11-09
232119570,102061809,Caucasian,Female,[80-90),?,2,1,7,1,SP,Emergency/Trauma,33,1,4,0,0,0,8,276,276,8,None,None,No,No,No,No,No,No,No,No,No,Steady,No,No,No,No,No,No,No,No,No,No,No,No,No,No,Yes,>30,2006-11-06,2006-11-07
232410138,93498822,Caucasian,Female,[80-90),?,1,6,7,3,MC,?,41,0,18,1,0,0,786,276,787,9,None,None,No,No,No,No,No,No,No,No,No,No,No,No,No,No,No,No,No,No,No,No,No,No,No,No,No,NO,2006-11-09,2006-11-12
233479518,90178011,Caucasian,Female,[60-70),?,1,1,7,3,MC,?,47,1,15,1,0,1,428,427,496,9,None,None,No,No,No,No,No,No,No,No,No,No,No,No,No,No,No,No,No,Down,No,No,No,No,No,Ch,Yes,>30,2006-11-15,2006-11-18
239899230,86870088,AfricanAmerican,Female,[50-60),?,1,1,7,3,HM,?,26,1,30,4,0,4,486,428,250.6,9,None,None,Down,No,No,No,No,No,No,No,No,No,No,No,No,No,No,No,No,Down,No,No,No,No,No,Ch,Yes,>30,2006-12-27,2006-12-30
242076354,92193219,Caucasian,Female,[60-70),?,2,1,7,3,MC,Surgery-General,43,3,21,0,0,0,786,414,401,8,None,Norm,No,No,No,No,No,No,No,No,No,No,No,No,No,No,No,No,No,No,No,No,No,No,No,No,No,NO,2007-01-12,2007-01-15
245688426,100657359,Caucasian,Female,[60-70),?,3,6,1,4,HM,?,21,3,23,1,0,2,715,733,724,7,None,None,Steady,No,No,No,No,No,No,No,No,No,No,No,No,No,No,No,No,No,No,No,No,No,No,No,Yes,NO,2007-02-04,2007-02-08
245863908,92559258,Caucasian,Male,[70-80),?,3,1,7,8,MC,Emergency/Trauma,46,3,10,0,0,1,8,427,276,9,None,None,No,No,No,No,No,No,No,No,No,No,No,No,No,No,No,No,No,No,No,No,No,No,No,No,No,<30,2007-02-05,2007-02-13
247047930,23441985,Caucasian,Male,[50-60),[50-75),1,1,7,1,SP,InternalMedicine,61,2,7,0,1,0,151,535,530,9,None,None,No,No,No,No,No,No,No,No,No,No,No,No,No,No,No,No,No,No,No,No,No,No,No,No,No,>30,2007-02-13,2007-02-14
248566440,57771261,Caucasian,Male,[50-60),?,1,1,7,2,CM,?,9,0,18,0,0,0,346,714,250,8,None,Norm,Down,No,No,No,Steady,No,No,No,No,Steady,No,No,No,No,No,No,No,Down,No,No,No,No,No,Ch,Yes,NO,2007-02-23,2007-02-25
248568276,45392751,Caucasian,Male,[50-60),?,2,6,1,4,BC,?,62,2,9,5,0,0,150,427,276,9,None,None,Steady,No,No,No,No,No,Up,No,No,No,No,No,No,No,No,No,No,Down,No,No,No,No,No,Ch,Yes,>30,2007-02-23,2007-02-27
249561306,41780061,Caucasian,Female,[50-60),?,2,3,1,3,HM,?,55,3,18,0,0,0,715,996,595,9,None,None,No,No,No,No,No,No,No,No,No,No,No,No,No,No,No,No,No,No,No,No,No,No,No,No,No,NO,2007-03-01,2007-03-04
249904122,41954157,Caucasian,Female,[70-80),?,1,3,7,4,MC,?,37,1,25,0,0,2,41,786,V10,4,None,None,Steady,No,No,No,No,No,No,No,No,No,No,No,No,No,No,No,No,Down,No,No,No,No,No,Ch,Yes,>30,2007-03-03,2007-03-07
250874718,110653110,Other,Male,[70-80),?,3,6,1,6,BC,Cardiology,70,0,19,0,0,0,428,496,453,7,None,None,No,No,No,No,No,No,No,Steady,No,No,No,No,No,No,No,No,No,Up,Steady,No,No,No,No,Ch,Yes,>30,2007-03-10,2007-03-16
251013174,31658877,Caucasian,Male,[60-70),?,1,1,7,4,WC,?,43,6,20,0,0,0,414,426,427,9,None,None,No,No,No,No,No,No,Steady,No,No,No,No,No,No,No,No,No,No,Steady,No,No,No,No,No,Ch,Yes,NO,2007-03-11,2007-03-15
251186808,92264481,Caucasian,Male,[80-90),?,3,1,7,4,MC,Surgery-General,61,0,16,0,0,2,780,427,V45,9,None,None,No,No,No,No,No,No,Steady,No,No,No,Steady,No,No,No,No,No,No,No,No,No,No,No,No,Ch,Yes,NO,2007-03-13,2007-03-17
251968326,32924232,Caucasian,Male,[70-80),?,3,1,1,1,MC,?,18,5,10,0,0,1,414,413,401,9,None,None,No,No,No,No,No,No,No,No,No,No,No,No,No,No,No,No,No,No,No,No,No,No,No,No,No,NO,2007-03-17,2007-03-18
252123066,56200311,AfricanAmerican,Female,[70-80),?,1,1,7,6,CM,?,48,0,23,0,0,0,453,428,260,9,None,None,No,No,No,No,No,No,No,No,No,No,No,No,No,No,No,No,No,Steady,No,No,No,No,No,No,Yes,>30,2007-03-18,2007-03-24
252498864,87112845,Caucasian,Female,[60-70),?,1,3,7,7,MC,?,58,0,14,0,0,2,38,599,276,9,None,>8,No,No,No,No,No,No,No,No,No,No,No,No,No,No,No,No,No,Up,No,No,No,No,No,Ch,Yes,>30,2007-03-21,2007-03-28
255057456,32848758,Caucasian,Male,[40-50),?,2,1,1,11,MC,Psychiatry,48,3,11,0,0,0,296,780,276,8,None,Norm,Steady,No,No,No,No,No,No,No,No,No,No,No,No,No,No,No,No,No,No,No,No,No,No,No,Yes,NO,2007-04-05,2007-04-16
255068184,105164586,Caucasian,Female,[40-50),?,2,2,7,6,UN,Emergency/Trauma,71,6,30,0,0,0,507,276,518,9,None,>7,No,No,No,No,No,No,No,No,No,No,No,No,No,No,No,No,No,Down,No,No,No,No,No,Ch,Yes,NO,2007-04-05,2007-04-11
256835934,107565516,AfricanAmerican,Female,[60-70),?,2,3,1,3,MC,?,54,3,27,7,0,0,715,250,401,4,None,None,No,No,No,No,No,No,No,No,No,No,No,No,No,No,No,No,No,Down,No,No,No,No,No,Ch,Yes,>30,2007-04-20,2007-04-23
257719260,48357954,Caucasian,Female,[40-50),?,1,1,7,2,MC,?,48,0,23,2,0,0,414,413,401,6,None,>7,No,No,No,No,No,No,Steady,No,No,No,No,No,No,No,No,No,No,Up,No,No,No,No,No,Ch,Yes,>30,2007-04-26,2007-04-28
258988884,44788266,Caucasian,Male,[80-90),?,2,3,7,11,MC,Emergency/Trauma,69,0,27,0,0,0,493,486,250,6,None,None,No,No,No,No,Steady,No,No,No,No,No,No,No,No,No,No,No,No,Up,No,No,No,No,No,Ch,Yes,>30,2007-05-06,2007-05-17
258997110,59784156,Caucasian,Female,[50-60),?,1,6,7,4,OG,?,55,0,12,0,0,1,998,285,250,6,None,None,No,No,No,No,No,No,No,No,No,No,No,No,No,No,No,No,No,Steady,No,No,No,No,No,No,Yes,NO,2007-05-06,2007-05-10
261589944,110116746,Caucasian,Female,[70-80),[100-125),3,3,1,4,MC,Surgery-General,38,1,26,2,0,0,715,278,V85,9,None,None,No,No,Steady,No,No,No,No,No,No,No,No,No,No,No,No,No,No,No,No,No,No,No,No,No,Yes,NO,2007-05-25,2007-05-29
261620766,45095472,Hispanic,Male,[60-70),?,1,1,7,3,MC,Emergency/Trauma,28,6,6,0,0,0,410,414,V15,4,None,None,Steady,No,No,No,No,No,No,No,No,No,No,No,No,No,No,No,No,No,No,No,No,No,No,No,Yes,NO,2007-05-26,2007-05-29
262384512,86323644,AfricanAmerican,Female,[60-70),?,3,22,1,5,MC,Radiologist,7,1,29,5,1,1,715,414,401,5,None,None,Steady,No,No,No,No,No,No,Steady,No,No,No,No,No,No,No,No,No,No,No,No,No,No,No,Ch,Yes,>30,2007-06-02,2007-06-07
262459986,32979240,Caucasian,Male,[70-80),?,1,1,7,2,?,?,59,0,15,0,0,0,560,518,250,9,None,None,No,No,No,No,No,No,No,No,No,No,No,No,No,No,No,No,No,No,No,No,No,No,No,No,No,NO,2007-06-02,2007-06-04
263900202,59984739,Caucasian,Female,[80-90),?,1,3,7,3,MC,?,33,0,9,3,0,0,276,585,278,8,None,None,No,No,No,No,No,No,No,No,No,No,No,No,No,No,No,No,No,Steady,No,No,No,No,No,No,Yes,NO,2007-06-14,2007-06-17
265900620,40489056,AfricanAmerican,Female,[50-60),?,1,6,7,5,MD,?,30,3,25,1,2,0,786,998,425,8,None,None,No,No,No,No,No,No,No,No,No,Steady,No,No,No,No,No,No,No,Up,No,No,No,No,No,Ch,Yes,>30,2007-06-30,2007-07-05
266753892,67887900,Caucasian,Female,[40-50),?,1,6,7,5,MC,?,55,0,20,1,1,0,820,70,276,9,None,>8,No,No,No,No,No,No,No,No,No,No,No,No,No,No,No,No,No,Up,No,No,No,No,No,Ch,Yes,>30,2007-07-06,2007-07-11
269737830,103736943,Caucasian,Male,[60-70),?,1,6,7,4,BC,Emergency/Trauma,62,0,15,0,0,3,996,38,995,9,None,None,No,No,No,No,No,No,Steady,No,No,No,No,No,No,No,No,No,No,No,No,No,No,No,No,No,Yes,>30,2007-07-31,2007-08-04
269955372,45364131,Caucasian,Male,[60-70),?,3,1,7,1,UN,Emergency/Trauma,48,0,5,0,0,0,486,491,250,3,None,None,No,No,No,No,No,No,No,No,No,No,No,No,No,No,No,No,No,Steady,No,No,No,No,No,No,Yes,NO,2007-08-02,2007-08-03
271672776,91324818,AfricanAmerican,Female,[70-80),?,1,3,7,3,MC,?,1,2,8,0,0,0,562,112,295,9,None,None,No,No,No,No,No,No,No,No,No,Steady,No,No,No,No,No,No,No,Steady,No,No,No,No,No,Ch,Yes,NO,2007-08-18,2007-08-21
271765176,31419414,Caucasian,Male,[60-70),?,1,1,7,2,CM,?,41,0,10,0,0,0,434,784,401,8,None,None,Steady,No,No,No,No,No,Steady,No,No,No,No,No,No,No,No,No,No,Steady,No,No,No,No,No,Ch,Yes,>30,2007-08-19,2007-08-21
272427288,60080589,Caucasian,Male,[70-80),?,3,22,1,6,MC,?,47,3,25,0,0,0,724,780,599,9,None,None,Steady,No,No,No,Steady,No,No,No,No,No,Steady,No,No,No,No,No,No,Steady,No,No,No,No,No,Ch,Yes,<30,2007-08-24,2007-08-30
272653398,84590334,Caucasian,Female,[60-70),?,2,2,1,6,HM,?,80,3,25,2,0,4,415,250.6,250.42,9,None,None,No,No,No,No,No,No,No,No,No,No,No,No,No,No,No,No,No,Steady,No,No,No,No,No,No,Yes,>30,2007-08-26,2007-09-01
274473738,114497073,Hispanic,Female,[50-60),?,1,1,7,3,MC,?,49,0,12,1,0,2,560,250,300,6,None,None,No,No,No,No,No,No,No,No,No,No,No,No,No,No,No,No,No,Steady,No,No,No,No,No,No,Yes,>30,2007-09-09,2007-09-12
275110620,45336807,Asian,Male,[40-50),?,2,1,7,5,UN,Emergency/Trauma,61,0,7,0,0,0,79,287,780,4,None,>8,Steady,No,No,No,No,No,No,Steady,No,No,No,No,No,No,No,No,No,No,No,No,No,No,No,Ch,Yes,NO,2007-09-15,2007-09-20
275128416,36531909,AfricanAmerican,Female,[80-90),?,2,1,1,1,CM,?,37,0,2,0,0,0,276,428,276,6,None,None,No,No,No,No,No,No,No,No,No,No,No,No,No,No,No,No,No,Steady,No,No,No,No,No,No,Yes,NO,2007-09-16,2007-09-17
276350910,113028282,Caucasian,Female,[70-80),?,1,6,7,5,MC,?,50,1,13,0,0,1,415,584,453,9,None,>7,No,No,No,No,Up,No,No,No,No,No,No,No,No,No,No,No,No,Steady,No,No,No,No,No,Ch,Yes,>30,2007-09-27,2007-10-02
277159206,32859792,Caucasian,Female,[70-80),?,3,3,1,5,MC,Hospitalist,54,1,20,0,0,1,250.8,730,285,9,None,None,No,No,No,No,Steady,No,No,No,No,No,No,No,No,No,No,No,No,Steady,No,No,No,No,No,Ch,Yes,NO,2007-10-03,2007-10-08
277502286,59405067,AfricanAmerican,Male,[60-70),?,1,1,7,1,CM,?,29,0,7,0,0,0,584,492,403,7,None,None,No,No,No,No,No,No,No,No,No,Steady,No,No,No,No,No,No,No,Steady,No,No,No,No,No,Ch,Yes,NO,2007-10-06,2007-10-07
279384342,40441293,Caucasian,Female,[80-90),?,1,1,7,5,MC,InternalMedicine,52,2,19,0,0,1,575,486,414,9,None,None,No,No,No,No,No,No,No,No,No,No,No,No,No,No,No,No,No,No,No,No,No,No,No,No,No,NO,2007-10-20,2007-10-25
281316972,77545737,Caucasian,Female,[50-60),?,1,1,7,4,?,InternalMedicine,75,1,19,1,0,0,38,599,252,9,None,>8,Steady,No,No,No,No,No,Steady,No,No,No,No,No,No,No,No,No,No,Steady,No,No,No,No,No,Ch,Yes,NO,2007-10-31,2007-11-04
282494310,40967316,AfricanAmerican,Male,[90-100),?,1,1,7,5,MC,?,65,0,16,1,0,0,404,486,585,9,None,None,No,No,No,No,Steady,No,No,No,No,No,No,No,No,No,No,No,No,Steady,No,No,No,No,No,Ch,Yes,NO,2007-11-06,2007-11-11
282619404,42776442,Caucasian,Female,[80-90),?,1,6,7,4,SP,?,47,0,10,0,0,0,427,250.02,401,4,None,None,No,No,No,No,No,No,No,No,No,No,No,No,No,No,No,No,No,Down,No,No,No,No,No,Ch,Yes,<30,2007-11-08,2007-11-12
283933398,85885839,Caucasian,Female,[70-80),?,1,1,7,7,HM,?,66,1,31,5,0,0,574,584,585,9,None,None,No,No,No,No,No,No,No,No,No,Steady,No,No,No,No,No,No,No,No,No,No,No,No,No,No,Yes,NO,2007-11-14,2007-11-21
284266164,37296396,Caucasian,Male,[40-50),?,1,1,7,2,SP,?,85,3,23,0,0,1,780,518,435,9,None,None,Up,No,No,No,No,No,No,No,No,No,No,No,No,No,No,No,No,Steady,No,No,No,No,No,Ch,Yes,NO,2007-11-16,2007-11-18
284531526,42004764,Caucasian,Female,[80-90),?,1,3,7,3,MC,?,72,0,20,0,2,0,427,518,428,9,None,None,No,No,No,No,No,No,No,No,No,No,No,No,No,No,No,No,No,Down,No,No,No,No,No,Ch,Yes,NO,2007-11-19,2007-11-22
284830716,43496271,Caucasian,Female,[60-70),?,3,3,1,3,SP,?,48,0,26,1,0,2,682,38,707,9,None,None,No,No,No,No,No,No,No,No,No,Steady,No,No,No,No,No,No,No,Down,No,No,No,No,No,Ch,Yes,>30,2007-11-21,2007-11-24
286834566,38225142,Caucasian,Male,[20-30),?,1,1,7,1,MC,?,16,0,4,0,0,0,250,331,305,3,None,>8,Steady,No,No,No,Steady,No,No,No,No,No,No,No,No,No,No,No,No,No,No,No,No,No,No,Ch,Yes,NO,2007-12-02,2007-12-03
286927476,39475143,Caucasian,Male,[60-70),?,3,6,1,1,CM,?,37,1,12,0,0,0,440,425,414,9,None,None,No,No,No,No,No,No,No,Steady,No,No,No,No,No,No,No,No,No,Steady,No,No,No,No,No,Ch,Yes,NO,2007-12-02,2007-12-03
287696766,40489254,Caucasian,Male,[50-60),?,3,1,1,1,MC,?,3,2,16,0,0,0,724,250,70,6,None,None,Steady,No,No,No,No,No,No,No,No,No,No,No,No,No,No,No,No,No,No,No,No,No,No,No,Yes,NO,2007-12-08,2007-12-09
290526030,45814662,Caucasian,Female,[80-90),?,3,24,1,2,SP,?,2,0,9,0,0,0,719,786,414,9,None,None,No,No,No,No,Steady,No,No,No,No,No,No,No,No,No,No,No,No,No,No,No,No,No,No,No,Yes,NO,2007-12-23,2007-12-25
293037204,102358800,Caucasian,Female,[80-90),?,1,6,7,4,HM,?,62,0,12,0,0,0,466,578,515,9,None,None,No,No,No,No,No,No,No,No,No,No,No,No,No,No,No,No,No,No,No,No,No,No,No,No,No,NO,2008-01-06,2008-01-10
293336196,85338063,Caucasian,Female,[70-80),?,1,1,7,3,MC,Emergency/Trauma,8,1,8,0,0,1,404,511,427,9,None,None,No,No,No,No,No,No,No,No,No,No,No,No,No,No,No,No,No,Steady,No,No,No,No,No,No,Yes,>30,2008-01-06,2008-01-09
294290480,178345517,Caucasian,Male,[80-90),?,2,1,7,4,MC,Surgery-General,53,1,8,0,0,0,191,348,414,6,None,None,No,No,No,No,No,No,No,No,No,No,No,No,No,No,No,No,No,Down,No,No,No,No,No,Ch,Yes,NO,2008-01-10,2008-01-14
297753470,94072113,AfricanAmerican,Male,[30-40),?,1,1,7,3,HM,?,64,0,20,1,5,3,574,585,250.4,7,None,None,No,No,No,No,No,No,No,No,No,No,No,No,No,No,No,No,No,Steady,No,No,No,No,No,No,Yes,>30,2008-01-17,2008-01-20
298496150,63956286,Caucasian,Female,[50-60),?,1,2,7,1,?,?,55,0,6,1,0,0,198,780,786,8,None,None,No,No,No,No,No,No,No,No,No,No,No,No,No,No,No,No,No,No,No,No,No,No,No,No,No,NO,2008-01-19,2008-01-20
298938452,61557903,Caucasian,Male,[80-90),?,6,2,7,3,?,InternalMedicine,69,0,16,0,0,0,805,E880,410,6,Norm,None,Steady,No,No,No,No,No,No,No,No,No,No,No,No,No,No,No,No,No,No,No,No,No,No,No,Yes,NO,2008-01-19,2008-01-22
301373312,60392691,Caucasian,Male,[60-70),?,1,6,7,4,MD,?,3,0,17,0,1,0,290,428,437,9,None,None,No,No,No,No,No,No,Steady,No,No,No,No,No,No,No,No,No,No,No,No,No,No,No,No,No,Yes,NO,2008-01-24,2008-01-28
302000294,74694222,AfricanAmerican,Female,[80-90),?,1,4,5,6,MC,?,46,1,30,0,0,0,560,112,276,9,None,None,No,No,No,No,No,No,No,No,No,No,No,No,No,No,No,No,No,Down,No,No,No,No,No,Ch,Yes,>30,2008-01-25,2008-01-31
302575484,120505217,Caucasian,Male,[50-60),?,1,1,7,4,MC,?,41,0,22,0,0,0,805,E881,401,9,None,>8,Steady,No,No,No,No,No,No,No,No,No,Steady,No,No,No,No,No,No,Steady,No,No,No,No,No,Ch,Yes,NO,2008-01-26,2008-01-30
313193054,171347630,Caucasian,Female,[40-50),?,3,1,1,4,?,?,15,3,17,0,0,0,552,250,780,6,None,None,No,No,No,No,No,No,No,No,No,No,No,No,No,No,No,No,No,No,No,No,No,No,No,No,No,NO,2008-02-18,2008-02-22
314283392,65685465,Caucasian,Male,[70-80),?,1,1,7,4,MC,?,44,0,16,4,0,1,959,518,E885,9,None,None,No,No,No,No,No,No,Steady,No,No,Steady,No,No,No,No,No,No,No,Steady,No,No,No,No,No,Ch,Yes,NO,2008-02-20,2008-02-24
316141610,88172604,Caucasian,Female,[70-80),?,5,1,1,1,BC,Cardiology,29,4,7,0,0,0,V71,425,424,9,None,None,No,No,No,No,No,No,No,No,No,Steady,No,No,No,No,No,No,No,No,No,No,No,No,No,No,Yes,NO,2008-02-25,2008-02-26
317272196,89709300,Caucasian,Female,[80-90),?,3,6,1,8,MC,Radiologist,1,0,11,0,0,1,V57,250.5,V54,9,None,None,No,No,No,No,No,No,No,No,No,No,No,No,No,No,No,No,No,Steady,No,No,No,No,No,No,Yes,NO,2008-02-28,2008-03-07
319624496,187042703,Caucasian,Male,[30-40),?,1,1,1,3,SP,Emergency/Trauma,32,2,9,0,0,0,682,250.02,70,7,None,None,Steady,No,No,No,No,No,No,No,No,No,No,No,No,No,No,No,No,Up,No,No,No,No,No,Ch,Yes,NO,2008-03-04,2008-03-07
322016882,142203308,Caucasian,Female,[80-90),?,3,1,1,1,MC,Radiologist,18,6,7,0,0,0,414,428,428,9,None,None,No,No,No,No,No,No,No,No,No,No,No,No,No,No,No,No,No,No,No,No,No,No,No,No,No,NO,2008-03-09,2008-03-10
328988420,144610484,Caucasian,Female,[80-90),?,1,3,7,5,?,?,68,1,23,0,0,0,820,599,E885,9,None,None,Steady,No,No,No,No,No,No,No,No,No,No,No,No,No,No,No,No,No,No,No,No,No,No,No,Yes,NO,2008-03-24,2008-03-29
329609150,93129201,Caucasian,Female,[60-70),[75-100),2,6,1,4,UN,?,65,0,8,4,1,1,584,276,558,9,None,None,No,No,No,No,No,No,No,No,No,No,No,No,No,No,No,No,No,No,No,No,No,No,No,No,No,>30,2008-03-26,2008-03-30
331406198,52981749,Caucasian,Female,[30-40),[75-100),1,1,7,9,UN,?,38,0,24,1,3,1,562,255,401,9,None,None,Steady,No,No,No,No,No,No,No,No,No,No,No,No,No,No,No,No,No,No,No,No,No,No,No,Yes,NO,2008-03-30,2008-04-08
338407856,87276870,Caucasian,Female,[80-90),?,1,3,7,8,MC,?,49,2,25,0,0,0,486,276,491,9,None,None,No,No,No,No,No,No,No,No,No,No,No,No,No,No,No,No,No,Steady,No,No,No,No,No,No,Yes,>30,2008-04-15,2008-04-23
339547448,38511558,Caucasian,Female,[60-70),?,1,1,7,7,MC,?,58,1,12,0,0,1,311,276,298,9,None,None,Steady,No,No,No,No,No,No,No,No,No,No,No,No,No,No,No,No,No,No,No,No,No,No,No,Yes,NO,2008-04-17,2008-04-24
340190576,91249785,Hispanic,Male,[60-70),?,1,3,1,9,MC,?,56,6,27,2,0,1,440,599,440,9,None,None,No,No,No,No,No,No,No,No,No,No,No,No,No,No,No,No,No,Steady,No,No,No,No,No,No,Yes,>30,2008-04-18,2008-04-27
341399966,40453101,Caucasian,Female,[80-90),?,2,1,1,2,MC,InternalMedicine,29,0,13,0,0,2,434,443,414,9,None,None,Steady,No,No,No,No,No,No,No,No,No,No,No,No,No,No,No,No,No,No,No,No,No,No,No,Yes,NO,2008-04-22,2008-04-24
345420086,99062748,Caucasian,Male,[80-90),?,2,1,7,3,SP,Emergency/Trauma,60,0,8,0,1,1,434,414,401,9,None,None,No,No,No,No,Steady,No,No,No,No,No,No,No,No,No,No,No,No,No,No,No,No,No,No,No,Yes,NO,2008-05-02,2008-05-05
347268812,139241462,Caucasian,Female,[90-100),?,2,3,5,3,MC,Emergency/Trauma,70,0,21,0,0,0,410,518,599,9,None,None,No,No,No,No,No,No,No,No,No,No,No,No,No,No,No,No,No,Down,No,No,No,No,No,Ch,Yes,<30,2008-05-08,2008-05-11
353802014,181970735,Caucasian,Male,[50-60),?,1,3,7,2,HM,?,21,0,17,0,0,1,511,491,416,9,None,None,No,No,No,No,No,No,No,No,No,No,No,No,No,No,No,No,No,Up,No,No,No,No,No,Ch,Yes,>30,2008-05-25,2008-05-27
361368254,132075041,AfricanAmerican,Male,[50-60),?,1,1,7,2,CP,?,1,1,12,0,0,0,608,250,401,3,None,None,Steady,No,No,No,No,No,No,No,No,No,Steady,No,No,No,No,No,No,No,No,No,No,No,No,Ch,Yes,NO,2008-06-12,2008-06-14
363192638,94840803,Caucasian,Female,[80-90),?,1,3,7,6,MC,?,34,1,17,0,0,1,428,584,682,9,None,None,No,No,No,No,No,No,No,No,No,No,No,No,No,No,No,No,No,Steady,No,No,No,No,No,No,Yes,NO,2008-06-18,2008-06-24
363829328,41314239,Caucasian,Male,[50-60),?,1,1,7,1,SP,?,6,0,8,1,0,0,780,780,298,7,None,None,No,No,No,No,No,No,No,No,No,No,No,No,No,No,No,No,No,Steady,No,No,No,No,No,No,Yes,NO,2008-06-20,2008-06-21
366188492,142191518,Caucasian,Female,[80-90),?,3,1,1,6,MC,?,30,5,28,0,0,0,182,262,997,9,None,None,No,No,No,No,Steady,No,No,No,No,Steady,No,No,No,No,No,No,No,Steady,No,No,No,No,No,Ch,Yes,NO,2008-06-25,2008-07-01
368522198,67687461,Caucasian,Male,[60-70),?,1,1,7,3,DM,?,21,0,17,0,0,5,491,401,250,9,None,None,Steady,No,No,No,No,No,No,No,No,No,No,No,No,No,No,No,No,Steady,No,No,No,No,No,Ch,Yes,<30,2008-07-03,2008-07-06
374403680,186560591,Caucasian,Female,[80-90),?,1,1,7,1,?,?,68,0,13,0,0,0,428,584,V85,9,None,None,No,No,No,No,No,No,No,No,No,No,Steady,No,No,No,No,No,No,Up,No,No,No,No,No,Ch,Yes,NO,2008-07-18,2008-07-19
380135132,110029059,Caucasian,Female,[80-90),?,2,22,7,4,MC,Emergency/Trauma,54,0,17,0,0,2,428,348,435,9,None,None,No,No,No,No,No,No,Steady,No,No,No,No,No,No,No,No,No,No,Up,No,No,No,No,No,Ch,Yes,>30,2008-08-01,2008-08-05
381915806,91410732,Caucasian,Male,[70-80),?,3,1,1,4,MC,?,44,1,29,1,0,0,185,496,414,7,None,None,Steady,No,No,No,No,No,No,No,No,No,No,No,No,No,No,No,No,No,No,No,No,No,No,No,Yes,NO,2008-08-06,2008-08-10
382512536,145853411,Caucasian,Male,[80-90),?,1,3,7,3,MC,?,28,1,14,0,0,0,455,491,569,9,None,None,Steady,No,No,No,No,No,Steady,No,No,No,No,No,No,No,No,No,No,No,No,No,No,No,No,Ch,Yes,NO,2008-08-07,2008-08-10
382551356,73199916,?,Male,[70-80),?,2,1,1,9,SP,?,69,4,29,0,0,0,153,197,197,9,None,None,No,No,No,No,Steady,No,No,No,No,Steady,No,No,No,No,No,No,No,Steady,No,No,No,No,No,Ch,Yes,NO,2008-08-08,2008-08-17
383667158,85860144,Caucasian,Male,[60-70),?,1,11,7,1,MC,?,41,0,4,1,0,0,560,198,276,9,None,None,No,No,No,No,No,No,No,No,No,No,No,No,No,No,No,No,No,No,No,No,No,No,No,No,No,NO,2008-08-11,2008-08-12
384924524,42972705,Caucasian,Female,[60-70),?,1,6,7,6,MD,Family/GeneralPractice,39,2,26,0,0,2,428,585,403,9,None,None,No,No,No,No,No,No,No,No,No,No,No,No,No,No,No,No,No,Steady,No,No,No,No,No,No,Yes,NO,2008-08-15,2008-08-21
387239450,41572638,Caucasian,Female,[90-100),?,1,3,7,3,MC,?,58,0,9,0,0,2,518,428,428,5,None,None,No,No,No,No,No,No,No,No,No,No,No,No,No,No,No,No,No,Down,No,No,No,No,No,Ch,Yes,<30,2008-08-21,2008-08-24
389685914,84476079,Caucasian,Male,[60-70),?,1,1,7,1,HM,?,6,0,16,2,0,1,414,414,427,8,None,None,No,No,No,No,No,No,No,Steady,No,No,No,No,No,No,No,No,No,No,No,No,No,No,No,No,Yes,>30,2008-08-29,2008-08-30
392523674,38518065,Caucasian,Female,[80-90),?,1,6,7,5,CH,?,51,2,25,0,0,2,428,511,285,9,None,None,No,No,No,No,No,No,No,Down,No,No,No,No,No,No,No,No,No,No,No,No,No,No,No,Ch,Yes,>30,2008-09-04,2008-09-09
392631524,183347240,Caucasian,Male,[70-80),?,1,1,7,3,HM,?,39,3,10,0,0,0,562,285,41,9,None,None,No,No,No,No,No,No,Steady,No,No,No,No,No,No,No,No,No,No,No,No,No,No,No,No,No,Yes,NO,2008-09-05,2008-09-08
394384172,48002715,AfricanAmerican,Female,[20-30),?,1,1,7,2,HM,?,1,1,7,0,0,1,611,250.12,41,5,None,None,No,No,No,No,No,No,No,No,No,No,No,No,No,No,No,No,No,Up,No,No,No,No,No,Ch,Yes,>30,2008-09-10,2008-09-12
398561546,126515066,Caucasian,Male,[50-60),?,1,1,7,5,?,?,27,0,12,0,0,0,682,288,250,7,None,None,No,No,No,No,No,No,No,No,No,No,No,No,No,No,No,No,No,Up,No,No,No,No,No,Ch,Yes,NO,2008-09-20,2008-09-25
403231490,94747725,Caucasian,Female,[70-80),?,1,1,7,3,MC,?,56,0,7,1,0,0,560,250,244,8,None,None,No,No,No,No,No,No,No,No,No,No,No,No,No,No,No,No,No,Steady,No,No,No,No,No,No,Yes,NO,2008-10-02,2008-10-05
403731254,141391067,Caucasian,Female,[40-50),?,3,1,1,1,PO,?,31,2,5,0,0,0,518,250,246,5,None,None,No,No,No,No,No,No,No,No,No,No,No,No,No,No,No,No,No,No,No,No,No,No,No,No,No,NO,2008-10-03,2008-10-04
408433460,78111063,Caucasian,Female,[50-60),?,1,1,7,3,?,InternalMedicine,55,2,16,2,1,2,552,V85,401,9,None,None,No,No,No,No,No,No,No,No,No,No,No,No,No,No,No,No,No,Down,No,No,No,No,No,Ch,Yes,NO,2008-10-14,2008-10-17
409053872,61169184,Caucasian,Female,[50-60),?,1,1,7,4,MC,?,66,0,35,0,0,1,420,584,276,9,None,None,No,No,No,No,Up,No,No,No,No,No,No,No,No,No,No,No,No,Up,No,No,No,No,No,Ch,Yes,<30,2008-10-16,2008-10-20
409610042,84418434,Caucasian,Female,[60-70),?,1,3,7,6,MC,?,43,2,31,0,0,2,722,324,344,9,None,None,No,No,No,No,No,No,No,No,No,No,No,No,No,No,No,No,No,Down,No,No,No,No,No,Ch,Yes,>30,2008-10-17,2008-10-23
409687070,180818762,Caucasian,Male,[80-90),?,1,3,7,12,MC,?,67,0,25,0,0,0,440,682,584,9,None,None,No,No,No,No,No,No,Up,No,No,No,No,No,No,No,No,No,No,No,No,No,No,No,No,Ch,Yes,NO,2008-10-17,2008-10-29
411366938,38515230,Caucasian,Male,[70-80),?,1,6,7,9,BC,?,91,1,21,0,0,0,584,428,599,9,None,>7,No,No,No,No,No,No,No,No,No,No,No,No,No,No,No,No,No,Up,No,No,No,No,No,Ch,Yes,>30,2008-10-22,2008-10-31
416135126,124134818,Caucasian,Male,[90-100),?,1,1,7,5,?,?,60,0,14,0,0,0,486,38,785,9,None,None,No,No,No,No,No,No,No,No,No,No,No,No,No,No,No,No,No,Up,No,No,No,No,No,Ch,Yes,NO,2008-11-04,2008-11-09
420797546,186774602,Caucasian,Male,[20-30),?,1,1,7,2,SP,?,65,0,5,0,0,1,250.13,584,276,8,None,None,No,No,No,No,No,No,No,No,No,No,No,No,No,No,No,No,No,Down,No,No,No,No,No,Ch,Yes,>30,2008-11-14,2008-11-16
421983428,88372575,Caucasian,Female,[70-80),?,1,1,7,6,CP,?,44,1,18,0,0,4,162,486,197,9,None,None,No,No,No,No,No,No,No,No,No,No,No,No,No,No,No,No,No,No,No,No,No,No,No,No,No,>30,2008-11-17,2008-11-23
429568076,95233887,Caucasian,Male,[60-70),?,2,1,7,3,MC,Emergency/Trauma,36,0,5,0,1,1,780,435,333,9,None,None,No,No,No,No,No,No,No,No,No,No,No,No,No,No,No,No,No,No,No,No,No,No,No,No,No,>30,2008-12-02,2008-12-05
429658940,160100087,Caucasian,Female,[80-90),?,1,6,7,4,MC,?,43,0,19,0,0,0,428,584,518,9,None,None,No,No,No,No,No,No,No,Steady,No,No,No,No,No,No,No,No,No,Down,No,No,No,No,No,Ch,Yes,>30,2008-12-03,2008-12-07
432048524,58625289,Caucasian,Male,[70-80),?,1,1,7,2,MC,?,64,0,13,0,0,0,491,486,428,9,None,>8,No,No,No,No,No,No,No,No,No,No,No,No,No,No,No,No,No,Down,No,No,No,No,No,Ch,Yes,NO,2008-12-08,2008-12-10
433242662,30627081,Hispanic,Female,[10-20),?,1,1,7,2,MD,?,19,0,4,4,0,0,250.13,586,272,8,None,None,No,No,No,No,No,No,No,No,No,No,No,No,No,No,No,No,No,Steady,No,No,No,No,No,No,Yes,NO,2008-12-10,2008-12-12
439705934,40475232,Caucasian,Female,[80-90),?,1,3,7,3,MC,?,44,0,21,2,0,1,558,250.8,285,7,None,None,No,No,No,No,No,No,No,No,No,No,No,No,No,No,No,No,No,Up,No,No,No,No,No,Ch,Yes,>30,2008-12-24,2008-12-27
443824292,138784172,Caucasian,Female,[80-90),?,3,1,1,3,MD,?,31,2,24,0,0,0,574,574,250,9,None,None,No,No,No,No,No,No,No,No,No,No,No,No,No,No,No,No,No,Down,No,No,No,No,No,Ch,Yes,<30,2008-12-31,2009-01-03
